DRINKING WATER,,,,RURAL,,,,,URBAN,,,,,TOTAL,,,,,,DRINKING WATER,,Proportion of population using improved water supplies,,,,,,,,,,,,,,,,,,,,,
,,,,,,,,,,,,,,,,,,,,,,RURAL,,,,,,,URBAN,,,,,,,TOTAL,,,,,,,
"COUNTRY, AREA OR TERRITORY",Year,"Population 
(thousands)",% urban,At least basic,Limited (more than 30 mins),Unimproved,Surface water,Annual rate of change in at least basic,At least basic,Limited (more than 30 mins),Unimproved,Surface water,Annual rate of change in at least basic,At least basic,Limited (more than 30 mins),Unimproved,Surface water,Annual rate of change in at least basic,,"COUNTRY, AREA OR TERRITORY",Year,Safely managed,Accessible on premises,Available when needed,Free from contamination,Annual rate of change in safely managed,Piped,Non-piped,Safely managed,Accessible on premises,Available when needed,Free from contamination,Annual rate of change in safely managed,Piped,Non-piped,Safely managed,Accessible on premises,Available when needed,Free from contamination,Annual rate of change in safely managed,Piped,Non-piped,Sl
Australia and New Zealand,2000,22 990,85,>99,<1,<1,<1,0.03,>99,<1,<1,<1,0.00,>99,<1,<1,<1,0.01,,Australia and New Zealand,2000,-,89,-,-,-,79,21,99,99,-,>99,0.04,97,3,-,97,90,-,-,94,6,1
Australia and New Zealand,2001,23 257,84,>99,<1,<1,<1,0.03,>99,<1,<1,<1,0.00,>99,<1,<1,<1,0.01,,Australia and New Zealand,2001,-,89,-,-,-,79,21,99,99,-,>99,0.04,97,3,-,97,91,-,-,94,6,2
Australia and New Zealand,2002,23 546,85,>99,<1,<1,<1,0.03,>99,<1,<1,<1,0.00,>99,<1,<1,<1,0.01,,Australia and New Zealand,2002,-,89,-,-,-,79,21,99,99,-,>99,0.04,97,3,-,97,91,-,-,94,6,3
Australia and New Zealand,2003,23 842,85,>99,<1,<1,<1,0.03,>99,<1,<1,<1,0.00,>99,<1,<1,<1,0.01,,Australia and New Zealand,2003,-,90,-,-,-,79,20,99,99,-,>99,0.04,97,3,-,97,92,-,-,95,5,4
Australia and New Zealand,2004,24 131,85,>99,<1,<1,<1,0.03,>99,<1,<1,<1,0.00,>99,<1,<1,<1,0.01,,Australia and New Zealand,2004,-,91,-,-,-,80,19,99,99,-,>99,0.04,97,2,-,98,92,-,-,95,5,5
Australia and New Zealand,2005,24 429,85,>99,<1,<1,<1,0.03,>99,<1,<1,<1,0.00,>99,<1,<1,<1,0.01,,Australia and New Zealand,2005,-,92,-,-,-,81,18,99,99,-,>99,0.04,98,2,-,98,93,-,-,95,5,6
Australia and New Zealand,2006,24 772,85,>99,<1,<1,<1,0.03,>99,<1,<1,<1,0.00,>99,<1,<1,<1,0.01,,Australia and New Zealand,2006,-,92,-,-,-,82,18,>99,>99,-,>99,0.04,98,2,-,98,93,-,-,95,4,7
Australia and New Zealand,2007,25 178,85,>99,<1,<1,<1,0.03,>99,<1,<1,<1,0.00,>99,<1,<1,<1,0.01,,Australia and New Zealand,2007,-,93,-,-,-,83,17,>99,>99,-,>99,0.04,98,2,-,98,94,-,-,96,4,8
Australia and New Zealand,2008,25 632,85,>99,<1,<1,<1,0.03,>99,<1,<1,<1,0.00,>99,<1,<1,<1,0.01,,Australia and New Zealand,2008,-,94,-,-,-,83,16,>99,>99,-,>99,0.04,98,2,-,98,94,-,-,96,4,9
Australia and New Zealand,2009,26 087,85,>99,<1,<1,<1,0.03,>99,<1,<1,<1,0.00,>99,<1,<1,<1,0.01,,Australia and New Zealand,2009,-,95,-,-,-,84,16,>99,>99,-,>99,0.04,98,2,-,99,94,-,-,96,4,10
Australia and New Zealand,2010,26 489,85,>99,<1,<1,<1,0.03,>99,<1,<1,<1,0.00,>99,<1,<1,<1,0.01,,Australia and New Zealand,2010,-,96,-,-,-,85,15,>99,>99,-,>99,0.04,98,2,-,99,95,-,-,96,3,11
Australia and New Zealand,2011,26 862,85,>99,<1,<1,<1,0.03,>99,<1,<1,<1,0.00,>99,<1,<1,<1,0.01,,Australia and New Zealand,2011,-,96,-,-,-,86,14,>99,>99,-,>99,0.04,99,1,-,>99,95,-,-,97,3,12
Australia and New Zealand,2012,27 264,86,>99,<1,<1,<1,0.03,>99,<1,<1,<1,0.00,>99,<1,<1,<1,0.01,,Australia and New Zealand,2012,-,97,-,-,-,87,13,>99,>99,-,>99,0.04,99,1,-,>99,96,-,-,97,3,13
Australia and New Zealand,2013,27 690,86,>99,<1,<1,<1,0.03,>99,<1,<1,<1,0.00,>99,<1,<1,<1,0.01,,Australia and New Zealand,2013,-,98,-,-,-,87,12,>99,>99,-,>99,0.04,99,1,-,>99,96,-,-,97,3,14
Australia and New Zealand,2014,28 119,86,>99,<1,<1,<1,0.03,>99,<1,<1,<1,0.00,>99,<1,<1,<1,0.01,,Australia and New Zealand,2014,-,99,-,-,-,88,12,>99,>99,-,>99,0.04,>99,<1,-,>99,96,-,-,97,3,15
Australia and New Zealand,2015,28 562,86,>99,<1,<1,<1,0.03,>99,<1,<1,<1,0.00,>99,<1,<1,<1,0.01,,Australia and New Zealand,2015,-,>99,-,-,-,89,11,>99,>99,-,>99,0.04,>99,<1,-,>99,96,-,-,98,2,16
Australia and New Zealand,2016,29 045,86,>99,<1,<1,<1,0.03,>99,<1,<1,<1,0.00,>99,<1,<1,<1,0.01,,Australia and New Zealand,2016,-,>99,-,-,-,89,11,>99,>99,-,>99,0.04,>99,<1,-,>99,96,-,-,98,2,17
Australia and New Zealand,2017,29 544,86,>99,<1,<1,<1,0.03,>99,<1,<1,<1,0.00,>99,<1,<1,<1,0.01,,Australia and New Zealand,2017,-,>99,-,-,-,89,11,>99,>99,-,>99,0.04,>99,<1,-,>99,96,-,-,98,2,18
Australia and New Zealand,2018,30 021,86,>99,<1,<1,<1,0.03,>99,<1,<1,<1,0.00,>99,<1,<1,<1,0.01,,Australia and New Zealand,2018,-,>99,-,-,-,89,11,>99,>99,-,>99,0.04,>99,<1,-,>99,96,-,-,98,2,19
Australia and New Zealand,2019,30 472,86,>99,<1,<1,<1,0.03,>99,<1,<1,<1,0.00,>99,<1,<1,<1,0.01,,Australia and New Zealand,2019,-,>99,-,-,-,89,11,>99,>99,-,>99,0.04,>99,<1,-,>99,96,-,-,98,2,20
Australia and New Zealand,2020,30 814,86,>99,<1,<1,<1,0.03,>99,<1,<1,<1,0.00,>99,<1,<1,<1,0.01,,Australia and New Zealand,2020,-,>99,-,-,-,-,-,>99,>99,-,>99,0.04,-,-,-,>99,96,-,-,-,-,21
Australia and New Zealand,2021,31 064,86,>99,<1,<1,<1,0.03,>99,<1,<1,<1,0.00,>99,<1,<1,<1,0.01,,Australia and New Zealand,2021,-,>99,-,-,-,-,-,>99,>99,-,>99,0.04,-,-,-,>99,96,-,-,-,-,22
Australia and New Zealand,2022,31 333,87,>99,<1,<1,<1,0.03,>99,<1,<1,<1,0.00,>99,<1,<1,<1,0.01,,Australia and New Zealand,2022,-,>99,-,-,-,-,-,>99,>99,-,>99,0.04,-,-,-,>99,96,-,-,-,-,23
Australia and New Zealand,2023,31 624,87,>99,<1,<1,<1,0.03,>99,<1,<1,<1,0.00,>99,<1,<1,<1,0.01,,Australia and New Zealand,2023,-,>99,-,-,-,-,-,>99,>99,-,>99,0.04,-,-,-,>99,96,-,-,-,-,24
Australia and New Zealand,2024,31 927,87,>99,<1,<1,<1,0.03,>99,<1,<1,<1,0.00,>99,<1,<1,<1,0.01,,Australia and New Zealand,2024,-,>99,-,-,-,-,-,>99,>99,-,>99,0.04,-,-,-,>99,96,-,-,-,-,25
Central and Southern Asia,2000,1 534 794,30,77,5,15,3,0.70,93,2,4,<1,0.16,82,4,12,2,0.55,,Central and Southern Asia,2000,36,36,66,47,1.53,25,57,75,75,87,83,0.34,71,24,48,48,72,58,1.22,39,47,26
Central and Southern Asia,2001,1 563 977,30,78,5,14,3,0.70,93,2,4,<1,0.16,82,4,11,2,0.55,,Central and Southern Asia,2001,38,38,67,48,1.53,26,57,75,75,87,83,0.34,71,24,49,49,73,58,1.22,39,47,27
Central and Southern Asia,2002,1 592 671,30,78,5,14,3,0.70,93,2,4,<1,0.16,83,4,11,2,0.55,,Central and Southern Asia,2002,39,39,67,48,1.53,26,57,76,76,87,83,0.34,71,24,50,50,73,59,1.22,40,47,28
Central and Southern Asia,2003,1 621 101,31,79,5,13,3,0.70,94,2,4,<1,0.16,83,4,10,2,0.55,,Central and Southern Asia,2003,40,40,68,48,1.53,27,57,76,76,87,83,0.34,71,24,51,51,74,59,1.22,41,47,29
Central and Southern Asia,2004,1 649 885,31,80,5,13,3,0.70,94,2,4,<1,0.16,84,4,10,2,0.55,,Central and Southern Asia,2004,42,42,69,49,1.53,28,56,77,77,87,84,0.34,71,25,52,52,74,60,1.22,41,47,30
Central and Southern Asia,2005,1 678 121,31,80,5,12,3,0.70,94,2,4,<1,0.16,85,4,10,2,0.55,,Central and Southern Asia,2005,43,43,70,49,1.53,29,56,77,77,87,84,0.34,71,25,54,54,75,60,1.22,42,46,31
Central and Southern Asia,2006,1 705 977,32,81,5,12,3,0.70,94,2,4,<1,0.16,85,4,9,2,0.55,,Central and Southern Asia,2006,44,44,70,49,1.53,29,56,77,77,87,84,0.34,71,25,55,55,75,60,1.22,43,46,32
Central and Southern Asia,2007,1 733 040,32,82,4,11,3,0.70,94,2,3,<1,0.16,86,4,9,2,0.55,,Central and Southern Asia,2007,46,46,71,50,1.53,30,56,78,78,87,84,0.34,71,25,56,56,76,61,1.22,43,46,33
Central and Southern Asia,2008,1 759 490,32,82,4,11,3,0.70,94,2,3,<1,0.16,86,4,8,2,0.55,,Central and Southern Asia,2008,47,47,72,50,1.53,31,56,78,78,86,84,0.34,71,25,57,57,77,61,1.22,44,46,34
Central and Southern Asia,2009,1 786 570,33,83,4,10,2,0.70,94,2,3,<1,0.16,87,4,8,2,0.55,,Central and Southern Asia,2009,49,49,72,52,1.53,32,56,78,78,86,84,0.34,71,25,58,58,77,62,1.22,45,46,35
Central and Southern Asia,2010,1 813 842,33,84,4,10,2,0.70,95,2,3,<1,0.16,87,4,7,2,0.55,,Central and Southern Asia,2010,50,50,73,53,1.53,32,56,78,78,86,84,0.34,71,25,60,60,78,63,1.22,45,46,36
Central and Southern Asia,2011,1 840 842,34,85,4,9,2,0.70,95,2,3,<1,0.16,88,3,7,2,0.55,,Central and Southern Asia,2011,52,52,74,55,1.53,33,56,79,79,86,84,0.34,71,26,61,61,78,65,1.22,46,46,37
Central and Southern Asia,2012,1 867 238,34,85,4,9,2,0.70,95,2,3,<1,0.16,89,3,7,2,0.55,,Central and Southern Asia,2012,53,53,75,57,1.53,34,56,79,79,86,84,0.34,71,26,62,62,79,66,1.22,46,45,38
Central and Southern Asia,2013,1 892 781,34,86,4,8,2,0.70,95,2,3,<1,0.16,89,3,6,1,0.55,,Central and Southern Asia,2013,55,55,76,58,1.53,35,55,79,79,86,84,0.34,71,26,63,63,79,67,1.22,47,45,39
Central and Southern Asia,2014,1 917 606,35,87,4,7,2,0.70,95,2,3,<1,0.16,90,3,6,1,0.55,,Central and Southern Asia,2014,57,57,76,60,1.53,35,55,80,80,86,84,0.34,71,26,65,65,80,68,1.22,48,45,40
Central and Southern Asia,2015,1 941 567,35,87,4,7,2,0.70,95,2,2,<1,0.16,90,3,5,1,0.55,,Central and Southern Asia,2015,58,58,77,62,1.53,36,55,80,80,86,85,0.34,71,26,66,66,80,70,1.22,48,45,41
Central and Southern Asia,2016,1 965 448,35,88,4,6,2,0.70,96,2,2,<1,0.16,91,3,5,1,0.55,,Central and Southern Asia,2016,60,60,78,63,1.53,37,55,80,80,86,85,0.34,71,26,67,67,81,71,1.22,49,45,42
Central and Southern Asia,2017,1 989 429,36,89,4,6,2,0.70,96,2,2,<1,0.16,91,3,5,1,0.55,,Central and Southern Asia,2017,61,61,79,65,1.53,38,55,81,81,85,85,0.34,71,26,68,68,81,72,1.22,50,45,43
Central and Southern Asia,2018,2 013 149,36,90,4,5,2,0.70,96,2,2,<1,0.16,92,3,4,1,0.55,,Central and Southern Asia,2018,63,63,79,67,1.53,38,55,81,81,85,85,0.34,71,26,69,69,82,74,1.22,50,45,44
Central and Southern Asia,2019,2 036 731,37,90,3,5,1,0.70,96,2,2,<1,0.16,92,3,4,<1,0.55,,Central and Southern Asia,2019,65,65,80,69,1.53,39,55,81,81,85,85,0.34,71,27,71,71,82,75,1.22,51,44,45
Central and Southern Asia,2020,2 059 942,37,91,3,4,1,0.70,96,2,2,<1,0.16,93,3,3,<1,0.55,,Central and Southern Asia,2020,66,66,81,70,1.53,40,55,81,81,85,85,0.34,71,27,72,72,82,76,1.22,51,44,46
Central and Southern Asia,2021,2 081 130,38,92,3,4,1,0.70,96,2,2,<1,0.16,94,3,3,<1,0.55,,Central and Southern Asia,2021,68,68,82,72,1.53,40,55,82,82,85,85,0.34,71,27,73,73,83,77,1.22,52,44,47
Central and Southern Asia,2022,2 101 809,38,93,3,3,1,0.70,97,2,1,<1,0.16,94,3,3,<1,0.55,,Central and Southern Asia,2022,70,70,83,74,1.53,41,55,82,82,85,86,0.34,71,27,74,74,83,78,1.22,53,44,48
Central and Southern Asia,2023,2 123 893,39,93,3,3,1,0.70,97,2,1,<1,0.16,95,3,2,<1,0.55,,Central and Southern Asia,2023,71,71,83,76,1.53,42,54,83,83,85,86,0.34,71,27,76,76,84,80,1.22,53,44,49
Central and Southern Asia,2024,2 146 282,39,94,3,2,<1,0.70,97,2,1,<1,0.16,95,2,2,<1,0.55,,Central and Southern Asia,2024,73,73,84,78,1.53,43,54,83,83,85,86,0.34,71,27,77,77,84,81,1.22,54,44,50
Eastern and South-Eastern Asia,2000,2 025 350,41,71,<1,23,5,0.88,97,<1,2,<1,0.03,81,<1,15,3,0.59,,Eastern and South-Eastern Asia,2000,-,52,65,-,-,22,50,81,91,94,81,0.17,79,18,68,68,77,69,0.30,46,36,51
Eastern and South-Eastern Asia,2001,2 043 034,42,71,<1,23,5,0.88,97,<1,2,<1,0.03,82,<1,14,3,0.59,,Eastern and South-Eastern Asia,2001,-,52,66,-,-,24,48,81,92,94,81,0.17,79,18,69,69,77,69,0.30,48,35,52
Eastern and South-Eastern Asia,2002,2 060 302,43,72,1,22,5,0.88,97,<1,2,<1,0.03,83,<1,13,3,0.59,,Eastern and South-Eastern Asia,2002,-,54,66,-,-,25,48,81,92,94,81,0.17,80,18,70,70,78,70,0.30,50,34,53
Eastern and South-Eastern Asia,2003,2 076 016,44,73,1,21,5,0.88,97,<1,2,<1,0.03,84,<1,12,3,0.59,,Eastern and South-Eastern Asia,2003,-,55,67,-,-,27,47,81,92,94,81,0.17,80,17,71,71,79,71,0.30,51,33,54
Eastern and South-Eastern Asia,2004,2 091 446,45,74,1,20,5,0.88,97,<1,2,<1,0.03,85,<1,12,3,0.59,,Eastern and South-Eastern Asia,2004,-,57,68,-,-,29,46,81,92,94,81,0.17,81,17,71,73,80,71,0.30,53,32,55
Eastern and South-Eastern Asia,2005,2 107 133,46,75,1,19,5,0.88,97,<1,2,<1,0.03,85,<1,11,3,0.59,,Eastern and South-Eastern Asia,2005,-,58,69,-,-,30,46,81,92,94,81,0.17,81,16,72,74,81,72,0.30,55,31,56
Eastern and South-Eastern Asia,2006,2 123 271,47,76,1,19,4,0.88,97,<1,2,<1,0.03,86,<1,11,2,0.59,,Eastern and South-Eastern Asia,2006,-,60,70,-,-,32,45,81,92,94,81,0.17,82,16,72,75,81,72,0.30,56,30,57
Eastern and South-Eastern Asia,2007,2 139 701,48,77,1,18,4,0.88,97,<1,2,<1,0.03,87,<1,10,2,0.59,,Eastern and South-Eastern Asia,2007,-,61,71,-,-,34,44,81,92,94,81,0.17,82,15,73,76,82,73,0.30,58,30,58
Eastern and South-Eastern Asia,2008,2 156 408,49,78,1,17,4,0.88,97,<1,2,<1,0.03,87,<1,9,2,0.59,,Eastern and South-Eastern Asia,2008,-,63,72,-,-,35,44,81,92,94,81,0.17,83,15,74,77,83,74,0.30,59,29,59
Eastern and South-Eastern Asia,2009,2 173 485,50,78,1,16,4,0.88,97,<1,2,<1,0.03,88,<1,9,2,0.59,,Eastern and South-Eastern Asia,2009,-,64,73,-,-,37,43,81,93,94,81,0.17,83,15,74,79,83,74,0.30,61,28,60
Eastern and South-Eastern Asia,2010,2 190 840,51,79,1,16,3,0.88,97,<1,2,<1,0.03,89,<1,8,2,0.59,,Eastern and South-Eastern Asia,2010,-,66,74,-,-,39,42,81,93,94,81,0.17,84,14,75,80,84,75,0.30,62,27,61
Eastern and South-Eastern Asia,2011,2 207 927,52,80,2,15,3,0.88,97,<1,2,<1,0.03,89,1,8,2,0.59,,Eastern and South-Eastern Asia,2011,-,67,75,-,-,40,42,81,93,94,81,0.17,84,14,75,81,85,75,0.30,64,26,62
Eastern and South-Eastern Asia,2012,2 225 809,53,81,2,14,3,0.88,97,<1,2,<1,0.03,90,1,7,2,0.59,,Eastern and South-Eastern Asia,2012,-,69,76,-,-,42,41,82,93,94,82,0.17,84,13,76,82,86,76,0.30,65,26,63
Eastern and South-Eastern Asia,2013,2 243 785,54,82,2,13,3,0.88,97,<1,2,<1,0.03,90,1,7,1,0.59,,Eastern and South-Eastern Asia,2013,-,71,77,-,-,43,40,82,93,94,82,0.17,85,13,76,83,86,76,0.30,66,25,64
Eastern and South-Eastern Asia,2014,2 260 819,55,83,2,13,2,0.88,97,<1,2,<1,0.03,91,1,7,1,0.59,,Eastern and South-Eastern Asia,2014,-,72,78,-,-,45,40,82,93,95,82,0.17,85,12,76,84,87,76,0.30,68,24,65
Eastern and South-Eastern Asia,2015,2 276 839,56,84,2,12,2,0.88,97,<1,2,<1,0.03,91,1,6,1,0.59,,Eastern and South-Eastern Asia,2015,43,74,79,43,-,47,39,83,93,95,83,0.17,86,12,65,85,88,65,0.30,69,24,66
Eastern and South-Eastern Asia,2016,2 292 382,57,85,2,11,2,0.88,97,<1,2,<1,0.03,92,1,6,1,0.59,,Eastern and South-Eastern Asia,2016,43,75,80,43,-,48,39,83,93,95,83,0.17,86,12,66,86,89,66,0.30,70,23,67
Eastern and South-Eastern Asia,2017,2 307 986,58,85,2,10,2,0.88,97,<1,2,<1,0.03,92,1,5,<1,0.59,,Eastern and South-Eastern Asia,2017,44,77,82,44,-,50,38,83,93,95,83,0.17,87,11,67,87,89,67,0.30,71,22,68
Eastern and South-Eastern Asia,2018,2 321 416,59,86,3,10,2,0.88,97,<1,2,<1,0.03,93,1,5,<1,0.59,,Eastern and South-Eastern Asia,2018,44,79,83,44,-,51,37,84,94,95,84,0.17,87,11,67,87,90,67,0.30,73,22,69
Eastern and South-Eastern Asia,2019,2 332 292,60,87,3,9,1,0.88,97,<1,2,<1,0.03,93,1,5,<1,0.59,,Eastern and South-Eastern Asia,2019,45,80,84,45,-,53,37,84,94,95,84,0.17,88,10,68,88,91,68,0.30,74,21,70
Eastern and South-Eastern Asia,2020,2 340 521,60,88,3,8,1,0.88,97,<1,2,<1,0.03,94,1,4,<1,0.59,,Eastern and South-Eastern Asia,2020,45,82,85,45,-,54,36,84,94,96,84,0.17,88,10,69,89,91,69,0.30,75,20,71
Eastern and South-Eastern Asia,2021,2 345 241,61,89,3,7,<1,0.88,97,<1,2,<1,0.03,94,1,4,<1,0.59,,Eastern and South-Eastern Asia,2021,45,84,86,45,-,56,36,84,94,96,84,0.17,88,10,69,90,92,69,0.30,76,20,72
Eastern and South-Eastern Asia,2022,2 348 163,62,91,2,6,<1,0.88,97,<1,2,<1,0.03,95,1,3,<1,0.59,,Eastern and South-Eastern Asia,2022,46,85,87,46,-,57,35,85,94,96,85,0.17,88,10,70,91,93,70,0.30,77,19,73
Eastern and South-Eastern Asia,2023,2 350 146,63,92,2,6,<1,0.88,97,<1,2,<1,0.03,95,1,3,<1,0.59,,Eastern and South-Eastern Asia,2023,46,86,88,46,-,59,35,85,94,96,85,0.17,88,10,71,91,93,71,0.30,77,19,74
Eastern and South-Eastern Asia,2024,2 351 265,63,92,2,6,<1,0.88,97,<1,2,<1,0.03,95,1,3,<1,0.59,,Eastern and South-Eastern Asia,2024,58,87,88,58,-,59,34,85,94,96,85,0.17,88,10,75,92,93,75,0.30,78,19,75
Europe and Northern America,2000,1 038 228,74,97,<1,2,<1,0.02,>99,<1,<1,<1,0.00,99,<1,<1,<1,0.00,,Europe and Northern America,2000,80,80,-,83,0.17,80,18,96,96,96,98,0.04,97,2,92,92,-,94,0.10,93,6,76
Europe and Northern America,2001,1 041 401,74,97,<1,2,<1,0.02,>99,<1,<1,<1,0.00,99,<1,<1,<1,0.00,,Europe and Northern America,2001,80,80,-,83,0.17,80,18,96,96,96,98,0.04,97,2,92,92,-,94,0.10,93,6,77
Europe and Northern America,2002,1 045 408,74,97,<1,2,<1,0.02,>99,<1,<1,<1,0.00,99,<1,<1,<1,0.00,,Europe and Northern America,2002,80,80,-,82,0.17,80,17,96,96,96,98,0.04,97,2,92,92,-,94,0.10,93,6,78
Europe and Northern America,2003,1 049 786,74,97,<1,2,<1,0.02,>99,<1,<1,<1,0.00,99,<1,<1,<1,0.00,,Europe and Northern America,2003,81,81,-,82,0.17,81,17,96,96,96,98,0.04,97,2,92,92,-,94,0.10,93,6,79
Europe and Northern America,2004,1 053 834,74,97,<1,2,<1,0.02,>99,<1,<1,<1,0.00,99,<1,<1,<1,0.00,,Europe and Northern America,2004,81,81,-,82,0.17,81,16,96,96,96,98,0.04,98,2,92,92,-,94,0.10,94,6,80
Europe and Northern America,2005,1 057 877,74,96,<1,3,<1,0.02,>99,<1,<1,<1,0.00,99,<1,<1,<1,0.00,,Europe and Northern America,2005,82,83,89,82,0.17,82,15,96,97,96,98,0.04,98,2,93,93,95,94,0.10,94,5,81
Europe and Northern America,2006,1 062 486,75,96,<1,3,<1,0.02,>99,<1,<1,<1,0.00,99,<1,<1,<1,0.00,,Europe and Northern America,2006,82,84,90,82,0.17,82,15,96,97,96,98,0.04,98,2,93,93,95,94,0.10,94,5,82
Europe and Northern America,2007,1 067 151,75,96,<1,3,<1,0.02,>99,<1,<1,<1,0.00,99,<1,<1,<1,0.00,,Europe and Northern America,2007,82,85,90,82,0.17,82,15,96,97,96,98,0.04,98,2,93,94,95,94,0.10,94,5,83
Europe and Northern America,2008,1 072 294,75,96,<1,3,<1,0.02,>99,<1,<1,<1,0.00,99,<1,<1,<1,0.00,,Europe and Northern America,2008,82,85,90,82,0.17,83,14,96,97,96,98,0.04,98,2,93,94,95,94,0.10,94,5,84
Europe and Northern America,2009,1 077 117,75,96,<1,3,<1,0.02,>99,<1,<1,<1,0.00,99,<1,<1,<1,0.00,,Europe and Northern America,2009,82,86,90,82,0.17,84,14,96,97,96,98,0.04,98,2,93,94,95,94,0.10,94,5,85
Europe and Northern America,2010,1 081 743,75,97,<1,3,<1,0.02,>99,<1,<1,<1,0.00,99,<1,<1,<1,0.00,,Europe and Northern America,2010,82,87,90,82,0.17,84,13,97,97,97,98,0.04,98,2,93,94,95,94,0.10,95,4,86
Europe and Northern America,2011,1 086 354,76,97,<1,3,<1,0.02,>99,<1,<1,<1,0.00,99,<1,<1,<1,0.00,,Europe and Northern America,2011,82,87,90,82,0.17,84,13,97,97,97,98,0.04,98,2,93,94,95,94,0.10,95,4,87
Europe and Northern America,2012,1 090 817,76,97,<1,3,<1,0.02,>99,<1,<1,<1,0.00,99,<1,<1,<1,0.00,,Europe and Northern America,2012,82,88,90,82,0.17,85,12,97,97,97,98,0.04,98,2,93,95,95,94,0.10,95,4,88
Europe and Northern America,2013,1 095 184,76,97,<1,3,<1,0.02,>99,<1,<1,<1,0.00,99,<1,<1,<1,0.00,,Europe and Northern America,2013,83,89,90,83,0.17,85,12,97,97,97,98,0.04,98,2,93,95,95,94,0.10,95,4,89
Europe and Northern America,2014,1 099 707,76,97,<1,3,<1,0.02,>99,<1,<1,<1,0.00,99,<1,<1,<1,0.00,,Europe and Northern America,2014,83,89,91,83,0.17,85,12,97,97,97,98,0.04,98,2,93,95,95,94,0.10,95,4,90
Europe and Northern America,2015,1 104 672,76,97,<1,3,<1,0.02,>99,<1,<1,<1,0.00,99,<1,<1,<1,0.00,,Europe and Northern America,2015,83,89,91,83,0.17,86,12,97,97,97,98,0.04,98,1,94,95,95,94,0.10,95,4,91
Europe and Northern America,2016,1 109 900,77,97,<1,3,<1,0.02,>99,<1,<1,<1,0.00,99,<1,<1,<1,0.00,,Europe and Northern America,2016,83,89,91,83,0.17,86,11,97,97,97,98,0.04,98,1,94,95,95,95,0.10,95,4,92
Europe and Northern America,2017,1 114 800,77,97,<1,3,<1,0.02,>99,<1,<1,<1,0.00,99,<1,<1,<1,0.00,,Europe and Northern America,2017,83,89,91,83,0.17,86,11,97,97,97,98,0.04,98,1,94,95,95,95,0.10,96,4,93
Europe and Northern America,2018,1 119 274,77,97,<1,3,<1,0.02,>99,<1,<1,<1,0.00,99,<1,<1,<1,0.00,,Europe and Northern America,2018,83,89,91,83,0.17,87,11,97,97,97,98,0.04,98,1,94,95,96,95,0.10,96,3,94
Europe and Northern America,2019,1 123 448,77,97,<1,3,<1,0.02,>99,<1,<1,<1,0.00,99,<1,<1,<1,0.00,,Europe and Northern America,2019,84,90,91,84,0.17,89,9,97,97,97,98,0.04,98,1,94,95,96,95,0.10,96,3,95
Europe and Northern America,2020,1 125 507,78,97,<1,2,<1,0.02,>99,<1,<1,<1,0.00,99,<1,<1,<1,0.00,,Europe and Northern America,2020,84,90,91,84,0.17,89,9,97,97,97,98,0.04,98,1,94,95,96,95,0.10,96,3,96
Europe and Northern America,2021,1 125 614,78,97,<1,2,<1,0.02,>99,<1,<1,<1,0.00,99,<1,<1,<1,0.00,,Europe and Northern America,2021,84,90,91,84,0.17,89,8,97,97,97,99,0.04,98,1,94,95,96,95,0.10,96,3,97
Europe and Northern America,2022,1 125 728,78,97,<1,2,<1,0.02,>99,<1,<1,<1,0.00,99,<1,<1,<1,0.00,,Europe and Northern America,2022,84,90,92,84,0.17,91,7,97,97,97,99,0.04,98,1,94,95,96,95,0.10,97,2,98
Europe and Northern America,2023,1 126 806,78,97,<1,3,<1,0.02,>99,<1,<1,<1,0.00,99,<1,<1,<1,0.00,,Europe and Northern America,2023,84,90,92,84,0.17,91,6,97,97,97,99,0.04,99,1,94,95,96,96,0.10,97,2,99
Europe and Northern America,2024,1 128 694,78,97,<1,3,<1,0.02,>99,<1,<1,<1,0.00,99,<1,<1,<1,0.00,,Europe and Northern America,2024,84,90,92,84,0.17,91,6,97,97,97,99,0.04,99,1,94,95,96,96,0.10,97,2,100
Latin America and the Caribbean,2000,521 323,76,72,2,17,9,0.81,97,<1,2,<1,0.09,91,<1,6,2,0.27,,Latin America and the Caribbean,2000,42,54,57,42,0.44,54,20,79,92,84,79,0.19,93,5,70,83,77,70,0.34,83,8,101
Latin America and the Caribbean,2001,528 626,76,73,2,16,9,0.81,97,<1,2,<1,0.09,91,<1,5,2,0.27,,Latin America and the Caribbean,2001,42,56,58,42,0.44,56,19,79,92,84,79,0.19,93,4,70,84,77,70,0.34,84,8,102
Latin America and the Caribbean,2002,535 741,76,74,2,15,9,0.81,97,<1,2,<1,0.09,92,<1,5,2,0.27,,Latin America and the Caribbean,2002,42,57,58,42,0.44,57,19,79,93,84,79,0.19,93,4,71,84,78,71,0.34,85,8,103
Latin America and the Caribbean,2003,542 688,77,75,2,14,9,0.81,97,<1,2,<1,0.09,92,<1,5,2,0.27,,Latin America and the Caribbean,2003,43,58,59,43,0.44,58,19,79,93,83,79,0.19,93,4,71,85,78,71,0.34,85,8,104
Latin America and the Caribbean,2004,549 494,77,75,2,14,9,0.81,97,<1,2,<1,0.09,93,<1,5,2,0.27,,Latin America and the Caribbean,2004,43,59,59,43,0.44,59,18,79,93,83,79,0.19,94,4,71,85,78,71,0.34,86,8,105
Latin America and the Caribbean,2005,556 212,77,76,2,13,9,0.81,98,<1,2,<1,0.09,93,<1,4,2,0.27,,Latin America and the Caribbean,2005,44,61,60,44,0.44,60,18,80,93,83,80,0.19,94,4,72,86,78,72,0.34,86,7,106
Latin America and the Caribbean,2006,562 855,77,77,2,11,9,0.81,98,<1,2,<1,0.09,93,<1,4,2,0.27,,Latin America and the Caribbean,2006,45,62,60,45,0.44,62,18,80,94,83,80,0.19,94,4,72,87,78,72,0.34,87,7,107
Latin America and the Caribbean,2007,569 468,78,78,2,11,9,0.81,98,<1,2,<1,0.09,94,<1,4,2,0.27,,Latin America and the Caribbean,2007,45,63,61,45,0.44,63,17,80,94,83,80,0.19,94,4,72,87,78,72,0.34,87,7,108
Latin America and the Caribbean,2008,576 049,78,79,2,10,9,0.81,98,<1,2,<1,0.09,94,<1,3,2,0.27,,Latin America and the Caribbean,2008,46,65,61,46,0.44,64,17,80,94,83,80,0.19,94,4,72,88,78,72,0.34,87,7,109
Latin America and the Caribbean,2009,582 545,78,80,2,9,9,0.81,98,<1,1,<1,0.09,94,<1,3,2,0.27,,Latin America and the Caribbean,2009,46,66,62,46,0.44,65,17,80,94,83,80,0.19,95,4,73,88,78,73,0.34,88,7,110
Latin America and the Caribbean,2010,588 908,79,80,2,9,9,0.81,98,<1,1,<1,0.09,94,<1,3,2,0.27,,Latin America and the Caribbean,2010,46,67,62,46,0.44,66,17,80,95,83,80,0.19,95,4,73,89,79,73,0.34,88,7,111
Latin America and the Caribbean,2011,595 243,79,81,2,8,8,0.81,98,<1,1,<1,0.09,95,<1,3,2,0.27,,Latin America and the Caribbean,2011,47,69,63,47,0.44,67,16,80,95,83,80,0.19,95,4,73,89,79,73,0.34,89,7,112
Latin America and the Caribbean,2012,601 577,79,82,2,7,8,0.81,98,<1,1,<1,0.09,95,<1,3,2,0.27,,Latin America and the Caribbean,2012,47,70,63,47,0.44,68,16,80,95,83,80,0.19,95,4,73,90,79,73,0.34,89,6,113
Latin America and the Caribbean,2013,607 837,79,83,2,7,8,0.81,98,<1,1,<1,0.09,95,<1,2,2,0.27,,Latin America and the Caribbean,2013,48,71,64,48,0.44,69,16,81,95,83,81,0.19,95,3,74,90,79,74,0.34,90,6,114
Latin America and the Caribbean,2014,614 015,80,84,2,6,8,0.81,98,<1,1,<1,0.09,95,<1,2,2,0.27,,Latin America and the Caribbean,2014,48,73,64,48,0.44,70,16,81,96,83,81,0.19,95,3,74,91,79,74,0.34,90,6,115
Latin America and the Caribbean,2015,620 043,80,84,2,7,7,0.81,99,<1,<1,<1,0.09,96,<1,2,1,0.27,,Latin America and the Caribbean,2015,49,74,65,49,0.44,71,15,81,96,83,81,0.19,96,3,75,91,80,75,0.34,90,6,116
Latin America and the Caribbean,2016,625 923,80,85,2,6,6,0.81,99,<1,<1,<1,0.09,96,<1,2,1,0.27,,Latin America and the Caribbean,2016,49,75,66,49,0.44,72,15,82,96,84,82,0.19,96,3,75,92,80,75,0.34,91,6,117
Latin America and the Caribbean,2017,631 575,80,85,3,5,7,0.81,99,<1,<1,<1,0.09,96,<1,1,2,0.27,,Latin America and the Caribbean,2017,49,76,67,49,0.44,73,15,82,96,84,82,0.19,96,3,75,92,81,75,0.34,91,6,118
Latin America and the Caribbean,2018,637 012,81,86,3,5,6,0.81,99,<1,<1,<1,0.09,96,<1,1,-,0.27,,Latin America and the Caribbean,2018,50,78,68,50,0.44,74,15,82,96,84,82,0.19,96,3,76,93,81,76,0.34,91,6,119
Latin America and the Caribbean,2019,642 196,81,87,3,5,6,0.81,99,<1,<1,<1,0.09,96,<1,1,-,0.27,,Latin America and the Caribbean,2019,50,79,69,50,0.44,75,15,82,97,85,82,0.19,96,3,76,93,82,76,0.34,92,6,120
Latin America and the Caribbean,2020,646 729,81,88,2,4,5,0.81,>99,<1,<1,<1,0.09,97,<1,<1,-,0.27,,Latin America and the Caribbean,2020,51,80,70,51,0.44,76,14,83,97,85,83,0.19,96,3,77,94,82,77,0.34,92,6,121
Latin America and the Caribbean,2021,650 465,81,89,2,4,5,0.81,>99,<1,<1,<1,0.09,97,<1,<1,-,0.27,,Latin America and the Caribbean,2021,51,81,71,51,0.44,77,14,83,97,85,83,0.19,96,3,77,94,83,77,0.34,92,6,122
Latin America and the Caribbean,2022,654 367,82,90,2,4,4,0.81,>99,<1,<1,<1,0.09,97,<1,<1,-,0.27,,Latin America and the Caribbean,2022,51,82,72,51,0.44,78,14,83,97,86,83,0.19,96,3,77,94,83,77,0.34,92,6,123
Latin America and the Caribbean,2023,658 892,82,91,2,3,4,0.81,>99,<1,<1,<1,0.09,97,<1,<1,-,0.27,,Latin America and the Caribbean,2023,52,83,73,52,0.44,79,14,84,97,86,84,0.19,97,3,78,94,84,78,0.34,93,6,124
Latin America and the Caribbean,2024,663 466,82,91,2,3,4,0.81,>99,<1,<1,<1,0.09,98,<1,<1,-,0.27,,Latin America and the Caribbean,2024,52,84,74,52,0.44,80,14,84,97,86,84,0.19,97,3,78,95,84,78,0.34,93,6,125
Northern Africa and Western Asia,2000,362 460,56,71,7,17,5,0.59,94,3,2,<1,0.09,84,5,9,3,0.35,,Northern Africa and Western Asia,2000,-,57,55,-,-,59,19,75,89,75,80,0.20,93,5,66,75,66,74,0.41,77,11,126
Northern Africa and Western Asia,2001,369 968,56,71,7,16,5,0.59,94,3,2,<1,0.09,84,5,9,3,0.35,,Northern Africa and Western Asia,2001,-,58,55,-,-,59,19,75,89,75,80,0.20,92,5,67,75,67,74,0.41,78,11,127
Northern Africa and Western Asia,2002,377 563,57,72,7,16,5,0.59,94,3,2,<1,0.09,84,5,8,2,0.35,,Northern Africa and Western Asia,2002,-,58,56,-,-,60,19,75,89,75,80,0.20,92,5,67,75,67,74,0.41,78,12,128
Northern Africa and Western Asia,2003,385 181,57,72,7,16,5,0.59,94,3,2,<1,0.09,85,5,8,2,0.35,,Northern Africa and Western Asia,2003,-,58,56,-,-,60,19,75,89,75,80,0.20,92,5,67,76,67,74,0.41,78,12,129
Northern Africa and Western Asia,2004,392 909,57,73,7,15,5,0.59,94,3,2,<1,0.09,85,5,8,2,0.35,,Northern Africa and Western Asia,2004,-,59,57,-,-,60,19,76,89,76,80,0.20,92,5,67,76,67,74,0.41,78,12,130
Northern Africa and Western Asia,2005,400 956,58,73,8,15,5,0.59,94,3,2,<1,0.09,85,5,7,2,0.35,,Northern Africa and Western Asia,2005,-,59,57,-,-,61,20,76,89,76,80,0.20,92,6,68,76,68,75,0.41,79,12,131
Northern Africa and Western Asia,2006,409 344,58,74,8,14,4,0.59,94,3,2,<1,0.09,86,5,7,2,0.35,,Northern Africa and Western Asia,2006,-,60,58,-,-,62,20,76,89,76,80,0.20,92,6,69,77,69,75,0.41,79,12,132
Northern Africa and Western Asia,2007,418 225,58,74,8,13,4,0.59,95,3,2,<1,0.09,86,5,7,2,0.35,,Northern Africa and Western Asia,2007,-,61,59,-,-,63,20,77,89,77,80,0.20,92,6,69,77,69,76,0.41,79,12,133
Northern Africa and Western Asia,2008,427 531,59,75,8,13,4,0.59,95,3,2,<1,0.09,87,5,6,2,0.35,,Northern Africa and Western Asia,2008,-,61,59,-,-,63,20,77,90,77,81,0.20,92,6,70,78,70,76,0.41,79,12,134
Northern Africa and Western Asia,2009,436 888,59,76,8,12,4,0.59,95,3,2,<1,0.09,87,5,6,2,0.35,,Northern Africa and Western Asia,2009,-,62,60,-,-,64,20,78,90,78,81,0.20,92,6,70,78,70,77,0.41,80,13,135
Northern Africa and Western Asia,2010,446 081,59,76,8,12,4,0.59,95,3,2,<1,0.09,87,5,6,2,0.35,,Northern Africa and Western Asia,2010,-,63,60,-,-,65,20,78,90,78,81,0.20,92,7,71,79,71,77,0.41,80,13,136
Northern Africa and Western Asia,2011,455 432,60,77,8,11,4,0.59,95,3,2,<1,0.09,88,5,5,2,0.35,,Northern Africa and Western Asia,2011,-,64,61,-,-,65,20,78,90,78,81,0.20,91,7,71,79,71,77,0.41,80,13,137
Northern Africa and Western Asia,2012,465 277,60,78,8,10,4,0.59,95,3,1,<1,0.09,88,5,5,2,0.35,,Northern Africa and Western Asia,2012,-,65,61,-,-,66,20,79,90,79,81,0.20,91,7,72,80,72,78,0.41,81,13,138
Northern Africa and Western Asia,2013,475 599,60,78,8,10,3,0.59,95,3,1,<1,0.09,89,5,5,1,0.35,,Northern Africa and Western Asia,2013,-,65,62,-,-,67,20,79,90,79,80,0.20,91,7,72,80,72,78,0.41,81,13,139
Northern Africa and Western Asia,2014,486 457,61,79,9,9,3,0.59,95,3,1,<1,0.09,89,5,4,1,0.35,,Northern Africa and Western Asia,2014,-,66,62,-,-,68,20,79,90,79,81,0.20,91,7,72,81,72,78,0.41,82,13,140
Northern Africa and Western Asia,2015,497 571,61,80,9,9,3,0.59,95,3,1,<1,0.09,89,5,4,1,0.35,,Northern Africa and Western Asia,2015,-,67,63,-,-,69,19,79,91,79,81,0.20,91,8,73,81,73,79,0.41,82,12,141
Northern Africa and Western Asia,2016,508 025,61,80,9,8,3,0.59,96,3,1,<1,0.09,90,5,4,1,0.35,,Northern Africa and Western Asia,2016,-,68,63,-,-,70,19,79,91,79,81,0.20,91,8,73,82,73,79,0.41,83,12,142
Northern Africa and Western Asia,2017,517 512,62,81,9,7,3,0.59,96,3,<1,<1,0.09,90,5,3,1,0.35,,Northern Africa and Western Asia,2017,-,69,63,-,-,70,19,80,91,80,81,0.20,91,8,73,82,73,80,0.41,83,13,143
Northern Africa and Western Asia,2018,526 457,62,82,9,7,3,0.59,96,3,<1,<1,0.09,90,5,3,1,0.35,,Northern Africa and Western Asia,2018,-,70,64,-,-,71,19,80,91,80,80,0.20,91,8,74,83,74,80,0.41,83,13,144
Northern Africa and Western Asia,2019,535 333,62,82,9,6,2,0.59,96,3,<1,<1,0.09,91,5,3,1,0.35,,Northern Africa and Western Asia,2019,-,71,64,-,-,72,19,80,91,80,80,0.20,91,8,74,83,74,80,0.41,83,13,145
Northern Africa and Western Asia,2020,543 949,62,83,9,6,2,0.59,96,3,<1,<1,0.09,91,5,3,<1,0.35,,Northern Africa and Western Asia,2020,-,71,65,-,-,73,19,80,91,80,80,0.20,90,9,75,84,75,81,0.41,84,13,146
Northern Africa and Western Asia,2021,552 427,63,84,9,5,2,0.59,96,3,<1,<1,0.09,91,5,2,<1,0.35,,Northern Africa and Western Asia,2021,-,72,65,-,-,73,19,80,91,80,80,0.20,90,9,75,84,75,81,0.41,84,13,147
Northern Africa and Western Asia,2022,562 409,63,84,9,5,2,0.59,96,3,<1,<1,0.09,92,5,2,<1,0.35,,Northern Africa and Western Asia,2022,-,73,66,-,-,74,19,80,91,81,80,0.20,90,9,75,84,75,81,0.41,84,13,148
Northern Africa and Western Asia,2023,572 507,63,85,9,4,2,0.59,96,3,<1,<1,0.09,92,5,2,<1,0.35,,Northern Africa and Western Asia,2023,-,73,67,-,-,75,19,80,91,81,80,0.20,90,9,76,85,76,82,0.41,84,13,149
Northern Africa and Western Asia,2024,581 482,64,85,9,4,2,0.59,96,3,<1,<1,0.09,92,5,2,<1,0.35,,Northern Africa and Western Asia,2024,-,74,67,-,-,75,20,80,92,81,80,0.20,90,9,76,85,76,82,0.41,84,13,150
Oceania,2000,8 363,24,36,<1,15,48,0.73,89,2,7,2,0.05,50,<1,12,36,0.51,,Oceania,2000,-,25,23,-,-,22,14,-,69,54,-,-,72,19,-,36,30,-,-,36,14,151
Oceania,2001,8 590,24,36,<1,15,48,0.73,89,2,7,2,0.05,50,<1,12,37,0.51,,Oceania,2001,-,25,23,-,-,23,13,-,69,54,-,-,76,16,-,35,30,-,-,37,12,152
Oceania,2002,8 819,23,35,<1,15,48,0.73,89,2,7,2,0.05,50,<1,12,37,0.51,,Oceania,2002,-,25,23,-,-,23,13,-,69,54,-,-,76,16,-,35,30,-,-,37,12,153
Oceania,2003,9 052,23,35,<1,15,49,0.73,89,2,6,2,0.05,49,<1,12,37,0.51,,Oceania,2003,-,24,23,-,-,23,13,-,69,54,-,-,76,15,-,35,30,-,-,37,12,154
Oceania,2004,9 288,23,35,<1,15,49,0.73,89,2,6,2,0.05,49,<1,13,37,0.51,,Oceania,2004,-,24,22,-,-,23,13,-,69,53,-,-,76,15,-,35,30,-,-,37,12,155
Oceania,2005,9 526,23,36,<1,16,47,0.73,89,2,6,2,0.05,50,<1,13,36,0.51,,Oceania,2005,-,24,23,-,-,22,14,-,69,53,-,-,76,16,-,35,30,-,-,36,13,156
Oceania,2006,9 768,23,37,<1,17,45,0.73,89,2,6,2,0.05,51,<1,14,35,0.51,,Oceania,2006,-,25,23,-,-,22,16,-,69,53,-,-,76,16,-,35,30,-,-,36,14,157
Oceania,2007,10 012,23,38,<1,18,43,0.73,89,2,6,2,0.05,51,<1,14,34,0.51,,Oceania,2007,-,25,24,-,-,22,17,-,69,53,-,-,76,16,-,35,31,-,-,36,15,158
Oceania,2008,10 258,23,39,<1,18,42,0.73,90,2,6,2,0.05,52,<1,15,32,0.51,,Oceania,2008,-,26,24,-,-,22,18,-,69,53,-,-,75,17,-,36,31,-,-,36,16,159
Oceania,2009,10 506,23,40,1,19,40,0.73,90,2,6,2,0.05,53,1,15,31,0.51,,Oceania,2009,-,26,25,-,-,22,20,-,70,53,-,-,75,17,-,36,31,-,-,35,18,160
Oceania,2010,10 764,23,41,1,20,38,0.73,90,3,6,2,0.05,53,1,16,29,0.51,,Oceania,2010,-,27,26,-,-,21,21,-,71,53,-,-,75,17,-,37,32,-,-,35,19,161
Oceania,2011,11 027,23,42,2,21,36,0.73,90,3,6,2,0.05,54,2,17,28,0.51,,Oceania,2011,-,28,26,-,-,21,22,-,72,53,-,-,74,18,-,38,32,-,-,35,20,162
Oceania,2012,11 286,23,43,2,21,34,0.73,90,3,5,2,0.05,55,2,17,26,0.51,,Oceania,2012,-,28,27,-,-,21,24,-,73,53,-,-,74,18,-,38,33,-,-,34,21,163
Oceania,2013,11 543,23,44,2,22,32,0.73,90,3,5,2,0.05,55,2,18,25,0.51,,Oceania,2013,-,29,27,-,-,21,25,-,73,53,-,-,74,19,-,39,33,-,-,34,22,164
Oceania,2014,11 800,22,45,3,23,30,0.73,90,3,5,2,0.05,56,2,18,23,0.51,,Oceania,2014,-,30,28,-,-,21,27,-,74,53,-,-,73,20,-,40,34,-,-,34,23,165
Oceania,2015,12 053,22,46,3,24,28,0.73,90,3,5,2,0.05,57,3,19,22,0.51,,Oceania,2015,-,31,29,-,-,20,28,-,75,53,-,-,73,20,-,41,34,-,-,34,25,166
Oceania,2016,12 302,22,47,3,25,26,0.73,90,3,5,2,0.05,57,3,20,20,0.51,,Oceania,2016,-,32,29,-,-,20,30,-,76,53,-,-,72,21,-,42,35,-,-,33,26,167
Oceania,2017,12 550,22,47,4,25,24,0.73,90,3,5,2,0.05,58,3,20,19,0.51,,Oceania,2017,-,32,30,-,-,20,31,-,77,53,-,-,72,21,-,42,35,-,-,33,27,168
Oceania,2018,12 795,22,48,4,26,21,0.73,90,3,5,2,0.05,59,4,21,17,0.51,,Oceania,2018,-,33,31,-,-,20,32,-,79,53,-,-,71,22,-,43,36,-,-,33,29,169
Oceania,2019,13 032,22,49,4,27,19,0.73,90,3,5,2,0.05,59,4,21,15,0.51,,Oceania,2019,-,34,32,-,-,20,34,-,80,53,-,-,71,23,-,44,36,-,-,33,30,170
Oceania,2020,13 265,22,50,5,28,17,0.73,90,3,5,2,0.05,60,4,22,14,0.51,,Oceania,2020,-,35,32,-,-,20,35,-,81,52,-,-,70,23,-,45,37,-,-,32,31,171
Oceania,2021,13 494,22,51,5,28,15,0.73,90,3,4,2,0.05,61,5,23,12,0.51,,Oceania,2021,-,36,33,-,-,19,37,-,82,52,-,-,70,24,-,46,37,-,-,32,33,172
Oceania,2022,13 717,22,52,6,29,13,0.73,90,3,4,2,0.05,61,5,23,10,0.51,,Oceania,2022,-,37,34,-,-,19,38,-,83,52,-,-,69,25,-,48,38,-,-,32,34,173
Oceania,2023,13 939,22,53,6,30,11,0.73,90,4,4,2,0.05,62,6,24,9,0.51,,Oceania,2023,-,39,35,-,-,19,40,-,84,52,-,-,68,25,-,49,39,-,-,32,35,174
Oceania,2024,14 162,23,54,7,31,9,0.73,90,4,4,2,0.05,63,6,24,7,0.51,,Oceania,2024,-,40,35,-,-,19,41,-,85,52,-,-,68,26,-,50,39,-,-,32,36,175
Sub-Saharan Africa,2000,648 981,32,30,9,36,25,0.95,78,9,10,3,0.35,45,9,28,18,0.93,,Sub-Saharan Africa,2000,6,6,26,16,0.43,12,27,42,42,64,51,0.40,65,22,17,17,38,27,0.60,29,25,176
Sub-Saharan Africa,2001,666 509,32,31,9,35,25,0.95,78,9,10,3,0.35,46,9,27,18,0.93,,Sub-Saharan Africa,2001,6,6,27,17,0.43,13,28,42,42,64,51,0.40,64,23,18,18,39,28,0.60,29,26,177
Sub-Saharan Africa,2002,684 619,33,32,10,34,24,0.95,78,9,9,3,0.35,47,9,26,17,0.93,,Sub-Saharan Africa,2002,6,6,28,17,0.43,13,29,42,42,64,51,0.40,64,23,18,18,40,28,0.60,30,27,178
Sub-Saharan Africa,2003,703 331,33,33,10,34,23,0.95,79,9,9,3,0.35,48,10,26,17,0.93,,Sub-Saharan Africa,2003,7,7,29,17,0.43,13,29,42,42,64,51,0.40,63,24,19,19,40,29,0.60,30,28,179
Sub-Saharan Africa,2004,722 702,34,34,10,33,23,0.95,79,9,9,3,0.35,49,10,25,16,0.93,,Sub-Saharan Africa,2004,7,7,30,18,0.43,14,30,43,43,64,51,0.40,63,25,19,19,41,29,0.60,30,28,180
Sub-Saharan Africa,2005,742 672,34,35,11,33,22,0.95,79,9,9,3,0.35,50,10,25,15,0.93,,Sub-Saharan Africa,2005,7,7,31,18,0.43,14,31,43,43,64,51,0.40,63,26,20,20,42,29,0.60,31,29,181
Sub-Saharan Africa,2006,763 189,34,36,11,32,21,0.95,80,9,9,3,0.35,51,10,24,15,0.93,,Sub-Saharan Africa,2006,8,8,32,18,0.43,15,32,44,44,65,51,0.40,62,26,20,20,43,30,0.60,31,30,182
Sub-Saharan Africa,2007,784 338,35,37,11,31,21,0.95,80,9,8,3,0.35,52,11,23,14,0.93,,Sub-Saharan Africa,2007,8,8,33,19,0.43,15,33,44,44,65,51,0.40,62,27,21,21,44,30,0.60,31,31,183
Sub-Saharan Africa,2008,806 176,35,37,12,31,20,0.95,80,9,8,3,0.35,53,11,23,14,0.93,,Sub-Saharan Africa,2008,8,8,34,19,0.43,16,34,45,45,65,51,0.40,61,28,21,21,45,30,0.60,32,31,184
Sub-Saharan Africa,2009,828 530,36,38,12,30,19,0.95,81,9,8,3,0.35,54,11,22,13,0.93,,Sub-Saharan Africa,2009,9,9,35,19,0.43,16,34,45,45,65,51,0.40,61,28,22,22,46,31,0.60,32,32,185
Sub-Saharan Africa,2010,851 531,36,39,12,30,19,0.95,81,9,8,2,0.35,55,11,22,13,0.93,,Sub-Saharan Africa,2010,9,9,36,20,0.43,17,35,46,46,65,51,0.40,61,29,23,23,47,31,0.60,33,33,186
Sub-Saharan Africa,2011,885 444,37,40,13,29,18,0.95,81,9,7,2,0.35,55,11,21,12,0.93,,Sub-Saharan Africa,2011,10,10,37,20,0.43,17,36,46,46,65,51,0.40,60,30,23,23,47,32,0.60,33,34,187
Sub-Saharan Africa,2012,910 128,37,41,13,28,17,0.95,82,9,7,2,0.35,56,12,20,12,0.93,,Sub-Saharan Africa,2012,10,10,38,20,0.43,17,37,47,47,66,51,0.40,60,31,24,24,48,32,0.60,33,35,188
Sub-Saharan Africa,2013,935 556,38,42,14,28,17,0.95,82,9,7,2,0.35,57,12,20,11,0.93,,Sub-Saharan Africa,2013,10,10,39,21,0.43,18,38,47,47,66,51,0.40,60,31,24,24,49,32,0.60,34,36,189
Sub-Saharan Africa,2014,961 284,38,43,14,27,16,0.95,83,9,7,2,0.35,58,12,19,11,0.93,,Sub-Saharan Africa,2014,11,11,40,21,0.43,18,39,48,48,66,52,0.40,59,32,25,25,50,33,0.60,34,36,190
Sub-Saharan Africa,2015,987 406,39,44,14,26,15,0.95,83,9,6,2,0.35,59,12,19,10,0.93,,Sub-Saharan Africa,2015,11,11,42,21,0.43,19,40,49,49,66,52,0.40,59,33,26,26,51,33,0.60,34,37,191
Sub-Saharan Africa,2016,1 013 769,40,45,15,26,14,0.95,83,9,6,2,0.35,60,12,18,9,0.93,,Sub-Saharan Africa,2016,12,12,43,22,0.43,19,41,50,50,66,52,0.40,59,33,27,27,52,33,0.60,35,38,192
Sub-Saharan Africa,2017,1 040 454,40,46,15,25,14,0.95,84,9,6,2,0.35,61,12,17,9,0.93,,Sub-Saharan Africa,2017,12,12,44,22,0.43,20,41,50,50,66,51,0.40,58,34,28,28,53,34,0.60,35,38,193
Sub-Saharan Africa,2018,1 068 012,41,47,15,25,13,0.95,84,9,6,2,0.35,62,13,17,8,0.93,,Sub-Saharan Africa,2018,13,13,45,22,0.43,20,42,51,51,66,51,0.40,58,35,28,28,53,34,0.60,36,39,194
Sub-Saharan Africa,2019,1 096 034,41,48,16,24,12,0.95,85,9,5,1,0.35,63,13,16,8,0.93,,Sub-Saharan Africa,2019,14,14,46,22,0.43,21,43,51,52,66,51,0.40,58,35,29,29,54,34,0.60,36,40,195
Sub-Saharan Africa,2020,1 124 522,42,49,16,23,12,0.95,85,9,5,1,0.35,64,13,16,7,0.93,,Sub-Saharan Africa,2020,14,14,47,23,0.43,21,44,52,53,65,52,0.40,58,36,30,30,55,35,0.60,36,40,196
Sub-Saharan Africa,2021,1 153 271,42,50,16,23,11,0.95,85,9,5,1,0.35,65,13,15,7,0.93,,Sub-Saharan Africa,2021,15,15,48,23,0.43,22,45,52,54,65,52,0.40,58,36,30,31,55,35,0.60,37,41,197
Sub-Saharan Africa,2022,1 182 164,43,51,17,22,10,0.95,86,9,5,1,0.35,66,13,15,6,0.93,,Sub-Saharan Africa,2022,15,15,49,23,0.43,22,46,52,54,65,52,0.40,57,37,31,32,56,35,0.60,37,42,198
Sub-Saharan Africa,2023,1 212 229,43,52,17,21,10,0.95,86,9,4,<1,0.35,67,13,14,6,0.93,,Sub-Saharan Africa,2023,16,16,51,24,0.43,23,46,52,55,65,52,0.40,57,38,31,33,57,36,0.60,38,43,199
Sub-Saharan Africa,2024,1 243 010,44,53,17,21,9,0.95,86,9,4,<1,0.35,68,13,13,6,0.93,,Sub-Saharan Africa,2024,16,16,52,24,0.43,23,47,52,55,65,52,0.40,57,38,32,33,57,36,0.60,38,43,200
Landlocked developing countries,2000,332 025,27,39,10,33,19,0.97,87,5,6,2,0.14,52,8,26,14,0.81,,Landlocked developing countries,2000,12,12,37,24,0.55,15,33,65,65,73,65,-0.14,79,13,26,26,47,35,0.44,32,28,201
Landlocked developing countries,2001,338 855,27,40,10,32,18,0.97,87,5,6,2,0.14,53,8,25,14,0.81,,Landlocked developing countries,2001,12,12,38,24,0.55,16,34,65,65,73,65,-0.14,79,13,27,27,47,35,0.44,33,28,202
Landlocked developing countries,2002,346 925,28,41,10,31,18,0.97,87,5,6,2,0.14,54,9,24,13,0.81,,Landlocked developing countries,2002,13,13,39,24,0.55,16,35,64,65,73,64,-0.14,79,13,27,27,48,35,0.44,34,29,203
Landlocked developing countries,2003,355 608,28,42,11,31,17,0.97,87,5,6,2,0.14,54,9,24,13,0.81,,Landlocked developing countries,2003,13,13,40,24,0.55,17,35,64,65,73,64,-0.14,79,14,27,28,49,35,0.44,34,29,204
Landlocked developing countries,2004,364 019,28,42,11,30,17,0.97,87,5,6,2,0.14,55,9,23,12,0.81,,Landlocked developing countries,2004,14,14,41,25,0.55,18,36,64,66,73,64,-0.14,78,14,28,28,50,35,0.44,35,30,205
Landlocked developing countries,2005,372 579,28,43,11,29,16,0.97,88,5,6,2,0.14,56,10,23,12,0.81,,Landlocked developing countries,2005,14,14,42,25,0.55,18,36,64,66,73,64,-0.14,78,14,28,29,51,36,0.44,35,30,206
Landlocked developing countries,2006,381 485,28,44,12,29,15,0.97,88,5,6,2,0.14,57,10,22,11,0.81,,Landlocked developing countries,2006,15,15,43,25,0.55,19,37,63,66,73,63,-0.14,78,15,29,29,51,36,0.44,36,31,207
Landlocked developing countries,2007,390 099,28,45,12,28,15,0.97,88,5,5,2,0.14,57,10,21,11,0.81,,Landlocked developing countries,2007,15,15,44,25,0.55,20,38,63,67,73,63,-0.14,78,15,29,30,52,36,0.44,36,31,208
Landlocked developing countries,2008,399 068,29,46,13,27,14,0.97,88,5,5,1,0.14,58,11,21,11,0.81,,Landlocked developing countries,2008,16,16,45,26,0.55,21,38,63,67,73,63,-0.14,78,15,29,30,53,36,0.44,37,32,209
Landlocked developing countries,2009,408 670,29,47,13,26,14,0.97,88,5,5,1,0.14,59,11,20,10,0.81,,Landlocked developing countries,2009,16,16,47,26,0.55,21,39,63,67,72,63,-0.14,78,16,30,31,54,37,0.44,38,32,210
Landlocked developing countries,2010,418 365,29,48,13,25,13,0.97,88,5,5,1,0.14,60,11,19,10,0.81,,Landlocked developing countries,2010,17,17,48,26,0.55,22,40,63,68,72,63,-0.14,78,16,30,32,55,37,0.44,38,33,211
Landlocked developing countries,2011,438 841,29,49,14,24,13,0.97,88,6,5,1,0.14,60,12,19,9,0.81,,Landlocked developing countries,2011,17,17,49,26,0.55,22,41,63,67,72,63,-0.14,77,17,30,32,56,37,0.44,38,34,212
Landlocked developing countries,2012,449 724,29,50,15,24,12,0.97,88,6,5,1,0.14,61,12,18,9,0.81,,Landlocked developing countries,2012,18,18,50,27,0.55,23,41,63,68,72,63,-0.14,77,18,31,32,56,37,0.44,39,34,213
Landlocked developing countries,2013,460 534,29,51,15,23,11,0.97,88,6,4,1,0.14,62,12,17,8,0.81,,Landlocked developing countries,2013,18,18,51,27,0.55,24,42,63,68,72,63,-0.14,76,18,31,33,57,37,0.44,39,35,214
Landlocked developing countries,2014,471 366,30,52,15,22,11,0.97,89,6,4,1,0.14,63,13,17,8,0.81,,Landlocked developing countries,2014,19,19,52,27,0.55,25,43,63,69,72,63,-0.14,76,18,32,34,58,38,0.44,40,35,215
Landlocked developing countries,2015,482 100,30,53,16,21,10,0.97,89,6,4,1,0.14,64,13,16,7,0.81,,Landlocked developing countries,2015,20,20,54,27,0.55,25,43,63,69,72,63,-0.14,76,19,33,35,59,38,0.44,41,36,216
Landlocked developing countries,2016,492 885,30,54,16,20,10,0.97,89,6,4,1,0.14,65,13,15,7,0.81,,Landlocked developing countries,2016,20,20,55,28,0.55,26,44,62,70,72,62,-0.14,76,19,33,35,60,38,0.44,41,36,217
Landlocked developing countries,2017,503 809,30,55,17,20,9,0.97,89,6,4,<1,0.14,65,13,15,6,0.81,,Landlocked developing countries,2017,21,21,56,28,0.55,27,45,62,70,72,62,-0.14,76,19,34,36,61,38,0.44,42,37,218
Landlocked developing countries,2018,515 440,31,56,17,19,8,0.97,89,6,3,<1,0.14,66,14,14,6,0.81,,Landlocked developing countries,2018,22,22,57,28,0.55,28,45,62,71,72,62,-0.14,76,20,34,37,62,39,0.44,43,37,219
Landlocked developing countries,2019,528 050,31,57,17,18,8,0.97,90,6,3,<1,0.14,67,14,13,5,0.81,,Landlocked developing countries,2019,22,22,58,28,0.55,28,46,62,72,72,62,-0.14,76,20,35,38,63,39,0.44,43,38,220
Landlocked developing countries,2020,541 141,31,58,18,17,7,0.97,90,6,3,<1,0.14,68,14,13,5,0.81,,Landlocked developing countries,2020,23,23,60,29,0.55,29,47,62,72,72,62,-0.14,76,20,35,38,64,39,0.44,44,39,221
Landlocked developing countries,2021,553 892,32,59,18,16,6,0.97,90,6,3,<1,0.14,69,14,12,5,0.81,,Landlocked developing countries,2021,24,24,61,29,0.55,30,48,62,73,73,62,-0.14,76,21,36,39,64,39,0.44,44,39,222
Landlocked developing countries,2022,566 129,32,60,19,15,6,0.97,90,7,2,<1,0.14,70,15,11,4,0.81,,Landlocked developing countries,2022,24,24,62,29,0.55,31,48,62,73,72,62,-0.14,76,21,36,40,65,40,0.44,45,40,223
Landlocked developing countries,2023,579 185,32,61,19,15,5,0.97,91,7,2,<1,0.14,71,15,11,4,0.81,,Landlocked developing countries,2023,25,25,63,29,0.55,31,49,62,73,72,62,-0.14,76,21,37,40,66,40,0.44,46,40,224
Landlocked developing countries,2024,592 790,33,62,19,14,5,0.97,91,7,2,<1,0.14,72,15,10,3,0.81,,Landlocked developing countries,2024,25,25,64,30,0.55,32,50,61,73,72,61,-0.14,75,22,37,41,67,40,0.44,46,40,225
Least developed countries,2000,666 853,25,43,9,31,18,0.76,77,9,11,3,0.31,51,9,26,14,0.76,,Least developed countries,2000,19,19,41,26,0.48,8,43,47,47,64,47,0.26,53,33,26,26,47,31,0.54,20,41,226
Least developed countries,2001,682 758,26,43,9,30,17,0.76,77,9,10,3,0.31,52,9,25,14,0.76,,Least developed countries,2001,19,19,42,26,0.48,9,43,47,48,64,47,0.26,53,33,26,26,47,31,0.54,20,41,227
Least developed countries,2002,700 670,26,44,9,30,17,0.76,78,9,10,3,0.31,53,9,25,13,0.76,,Least developed countries,2002,19,19,42,26,0.48,9,44,47,48,64,47,0.26,53,34,26,27,48,32,0.54,21,41,228
Least developed countries,2003,718 209,26,44,10,30,17,0.76,78,9,10,3,0.31,53,9,24,13,0.76,,Least developed countries,2003,19,19,43,27,0.48,10,44,47,48,64,47,0.26,53,34,27,27,48,32,0.54,21,41,229
Least developed countries,2004,735 485,27,45,10,29,16,0.76,78,9,10,3,0.31,54,10,24,13,0.76,,Least developed countries,2004,19,19,44,27,0.48,10,44,47,49,64,47,0.26,54,34,27,27,49,32,0.54,22,42,230
Least developed countries,2005,753 151,27,46,10,28,16,0.76,79,9,9,3,0.31,55,10,23,12,0.76,,Least developed countries,2005,20,20,44,27,0.48,11,45,48,49,64,48,0.26,54,34,27,28,50,33,0.54,23,42,231
Least developed countries,2006,771 254,28,46,10,28,15,0.76,79,9,9,3,0.31,55,10,23,12,0.76,,Least developed countries,2006,20,20,45,27,0.48,12,45,48,50,65,48,0.26,54,34,28,28,50,33,0.54,24,42,232
Least developed countries,2007,789 127,28,47,11,27,15,0.76,79,9,9,3,0.31,56,10,22,11,0.76,,Least developed countries,2007,21,21,46,27,0.48,12,46,48,50,65,48,0.26,55,34,28,29,51,33,0.54,24,42,233
Least developed countries,2008,807 450,29,48,11,27,14,0.76,80,9,8,3,0.31,57,11,21,11,0.76,,Least developed countries,2008,21,21,46,28,0.48,13,46,48,51,65,48,0.26,55,34,29,30,52,34,0.54,25,42,234
Least developed countries,2009,826 444,29,49,11,26,14,0.76,80,9,8,2,0.31,58,11,21,11,0.76,,Least developed countries,2009,22,22,47,28,0.48,14,46,49,52,65,49,0.26,56,34,30,30,52,34,0.54,26,43,235
Least developed countries,2010,845 602,30,49,12,25,13,0.76,80,10,8,2,0.31,59,11,20,10,0.76,,Least developed countries,2010,22,22,48,28,0.48,14,47,49,52,65,49,0.26,56,34,30,31,53,34,0.54,27,43,236
Least developed countries,2011,875 685,30,50,12,25,13,0.76,81,10,8,2,0.31,59,11,20,10,0.76,,Least developed countries,2011,23,23,49,28,0.48,15,47,49,52,65,49,0.26,56,34,30,31,54,35,0.54,27,43,237
Least developed countries,2012,896 685,30,51,12,24,13,0.76,81,10,7,2,0.31,60,12,19,9,0.76,,Least developed countries,2012,23,23,49,29,0.48,16,48,49,53,65,49,0.26,56,34,31,32,54,35,0.54,28,44,238
Least developed countries,2013,918 270,31,52,13,24,12,0.76,81,10,7,2,0.31,61,12,18,9,0.76,,Least developed countries,2013,24,24,50,29,0.48,16,48,50,54,66,50,0.26,57,34,32,33,55,35,0.54,29,44,239
Least developed countries,2014,940 284,32,52,13,23,12,0.76,82,10,7,2,0.31,62,12,18,9,0.76,,Least developed countries,2014,24,24,51,29,0.48,17,48,50,54,66,50,0.26,57,34,32,34,56,36,0.54,30,44,240
Least developed countries,2015,962 508,32,53,13,22,11,0.76,82,10,6,2,0.31,62,12,17,8,0.76,,Least developed countries,2015,25,25,52,29,0.48,18,49,51,55,66,51,0.26,58,34,33,34,56,36,0.54,30,44,241
Least developed countries,2016,985 415,33,54,14,22,11,0.76,82,10,6,2,0.31,63,12,17,8,0.76,,Least developed countries,2016,25,25,52,30,0.48,18,49,51,56,66,51,0.26,58,34,34,35,57,37,0.54,31,44,242
Least developed countries,2017,1 008 993,33,55,14,21,10,0.76,83,10,6,1,0.31,64,13,16,7,0.76,,Least developed countries,2017,26,26,53,30,0.48,19,50,51,56,66,51,0.26,58,34,34,36,58,37,0.54,32,45,243
Least developed countries,2018,1 033 110,34,56,14,20,10,0.76,83,10,6,1,0.31,65,13,15,7,0.76,,Least developed countries,2018,27,27,54,30,0.48,20,50,52,57,67,52,0.26,59,34,35,37,58,37,0.54,33,45,244
Least developed countries,2019,1 058 014,34,57,14,20,9,0.76,83,10,5,1,0.31,66,13,15,7,0.76,,Least developed countries,2019,27,27,55,30,0.48,20,51,52,58,67,52,0.26,59,34,36,38,59,38,0.54,34,45,245
Least developed countries,2020,1 083 636,35,57,15,19,9,0.76,84,10,5,1,0.31,67,13,14,6,0.76,,Least developed countries,2020,28,28,56,30,0.48,21,51,53,59,67,53,0.26,60,34,36,39,60,38,0.54,34,45,246
Least developed countries,2021,1 109 175,35,58,15,18,8,0.76,84,10,5,<1,0.31,67,13,14,6,0.76,,Least developed countries,2021,29,29,56,31,0.48,22,52,53,59,68,53,0.26,60,34,37,40,60,38,0.54,35,46,247
Least developed countries,2022,1 134 586,36,59,15,18,8,0.76,84,11,4,<1,0.31,68,14,13,5,0.76,,Least developed countries,2022,29,29,57,31,0.48,22,52,53,60,68,53,0.26,60,35,38,40,61,39,0.54,36,46,248
Least developed countries,2023,1 160 825,36,60,16,17,7,0.76,84,11,4,<1,0.31,69,14,12,5,0.76,,Least developed countries,2023,30,30,58,31,0.48,23,53,53,61,68,53,0.26,60,35,38,41,62,39,0.54,36,46,249
Least developed countries,2024,1 187 778,37,61,16,16,7,0.76,85,11,4,<1,0.31,70,14,12,5,0.76,,Least developed countries,2024,30,30,59,31,0.48,23,53,53,61,68,53,0.26,60,35,39,42,62,39,0.54,37,46,250
Small island developing States,2000,55 126,57,58,5,18,19,0.43,95,2,3,<1,-0.02,80,3,9,8,0.21,,Small island developing States,2000,-,39,46,-,-,39,23,55,82,81,55,0.13,84,13,53,63,66,53,0.17,66,16,251
Small island developing States,2001,55 872,57,58,5,18,19,0.43,95,2,3,<1,-0.02,80,3,9,8,0.21,,Small island developing States,2001,-,39,46,-,-,40,23,55,81,81,55,0.13,84,13,54,63,66,54,0.17,66,16,252
Small island developing States,2002,57 442,57,58,5,18,19,0.43,94,2,3,<1,-0.02,80,3,9,8,0.21,,Small island developing States,2002,-,39,46,-,-,39,23,55,81,80,55,0.13,83,13,53,63,66,53,0.17,66,16,253
Small island developing States,2003,58 129,57,58,5,18,19,0.43,94,2,3,<1,-0.02,80,3,9,8,0.21,,Small island developing States,2003,-,39,46,-,-,40,23,55,80,80,55,0.13,83,14,53,63,66,53,0.17,66,16,254
Small island developing States,2004,58 824,58,58,5,18,19,0.43,94,2,3,<1,-0.02,80,3,9,8,0.21,,Small island developing States,2004,-,39,46,-,-,40,23,55,80,80,55,0.13,82,14,53,63,66,53,0.17,66,16,255
Small island developing States,2005,59 575,58,59,5,17,19,0.43,94,2,3,<1,-0.02,80,3,9,8,0.21,,Small island developing States,2005,-,41,47,-,-,41,23,58,80,80,58,0.13,83,14,55,64,66,55,0.17,66,16,256
Small island developing States,2006,60 374,58,60,5,17,18,0.43,94,2,3,<1,-0.02,81,3,9,8,0.21,,Small island developing States,2006,-,41,47,-,-,41,24,59,80,80,59,0.13,82,14,55,64,66,55,0.17,66,17,257
Small island developing States,2007,61 222,58,60,5,17,18,0.43,94,2,3,<1,-0.02,81,3,9,8,0.21,,Small island developing States,2007,-,41,48,-,-,41,24,59,80,80,59,0.13,82,15,55,64,67,55,0.17,66,17,258
Small island developing States,2008,62 092,59,61,5,17,17,0.43,94,2,3,<1,-0.02,81,3,8,7,0.21,,Small island developing States,2008,-,42,48,-,-,41,24,59,80,80,59,0.13,82,15,56,64,67,56,0.17,66,17,259
Small island developing States,2009,62 919,59,61,5,17,17,0.43,94,2,3,<1,-0.02,81,3,8,7,0.21,,Small island developing States,2009,-,42,49,-,-,41,25,59,80,81,59,0.13,81,15,56,64,68,56,0.17,66,18,260
Small island developing States,2010,63 653,59,61,5,17,16,0.43,94,2,3,<1,-0.02,82,3,8,7,0.21,,Small island developing States,2010,-,43,50,-,-,41,25,59,79,81,59,0.13,81,16,56,65,68,56,0.17,66,18,261
Small island developing States,2011,64 378,59,62,5,18,15,0.43,94,2,3,<1,-0.02,82,3,8,6,0.21,,Small island developing States,2011,-,43,50,-,-,41,26,59,79,81,59,0.13,81,16,56,65,69,56,0.17,66,18,262
Small island developing States,2012,65 142,60,62,5,18,15,0.43,94,2,3,<1,-0.02,82,3,8,6,0.21,,Small island developing States,2012,-,44,51,-,-,41,27,59,79,81,59,0.13,80,16,56,65,69,56,0.17,66,19,263
Small island developing States,2013,65 877,60,63,6,18,14,0.43,94,3,3,<1,-0.02,82,3,8,6,0.21,,Small island developing States,2013,-,44,52,-,-,41,27,59,79,82,59,0.13,80,17,56,65,70,56,0.17,66,19,264
Small island developing States,2014,66 577,60,63,6,18,13,0.43,94,3,3,<1,-0.02,83,4,8,5,0.21,,Small island developing States,2014,-,45,52,-,-,41,28,59,79,82,59,0.13,80,17,56,65,70,56,0.17,66,20,265
Small island developing States,2015,67 260,60,64,6,18,13,0.43,94,3,3,<1,-0.02,83,4,8,5,0.21,,Small island developing States,2015,-,45,53,-,-,41,28,59,79,82,59,0.13,79,18,57,65,70,57,0.17,66,20,266
Small island developing States,2016,67 915,60,64,6,18,12,0.43,94,3,3,<1,-0.02,83,4,8,5,0.21,,Small island developing States,2016,-,46,53,-,-,41,29,59,78,82,59,0.13,79,18,57,66,71,57,0.17,66,21,267
Small island developing States,2017,68 467,60,65,6,18,11,0.43,94,3,3,<1,-0.02,83,4,8,4,0.21,,Small island developing States,2017,-,47,54,-,-,41,30,59,78,83,59,0.13,78,19,57,66,71,57,0.17,66,21,268
Small island developing States,2018,69 085,61,65,7,18,10,0.43,94,3,3,<1,-0.02,83,4,8,4,0.21,,Small island developing States,2018,-,47,55,-,-,42,30,59,78,83,59,0.13,78,19,57,66,72,57,0.17,65,22,269
Small island developing States,2019,69 747,61,66,7,18,9,0.43,94,3,3,<1,-0.02,84,4,8,4,0.21,,Small island developing States,2019,-,48,55,-,-,42,31,59,78,83,59,0.13,77,20,57,66,72,57,0.17,65,22,270
Small island developing States,2020,70 264,61,66,7,18,8,0.43,94,3,3,<1,-0.02,84,4,8,3,0.21,,Small island developing States,2020,-,48,56,-,-,42,32,59,78,83,59,0.13,77,20,57,66,73,57,0.17,65,23,271
Small island developing States,2021,70 727,61,67,7,18,8,0.43,94,3,3,<1,-0.02,84,4,8,3,0.21,,Small island developing States,2021,-,49,56,-,-,42,32,58,77,84,58,0.13,76,21,57,66,73,57,0.17,64,24,272
Small island developing States,2022,71 343,61,67,7,19,7,0.43,94,3,3,<1,-0.02,84,5,8,3,0.21,,Small island developing States,2022,-,49,57,-,-,42,33,59,77,84,59,0.13,76,22,57,67,73,57,0.17,64,24,273
Small island developing States,2023,72 018,62,68,8,19,6,0.43,94,3,3,<1,-0.02,85,5,8,2,0.21,,Small island developing States,2023,-,50,57,-,-,42,34,59,77,84,59,0.13,75,22,57,67,73,57,0.17,64,25,274
Small island developing States,2024,72 589,62,68,8,19,5,0.43,94,3,3,<1,-0.02,85,5,9,2,0.21,,Small island developing States,2024,-,50,58,-,-,42,35,59,77,83,59,0.13,74,23,57,67,74,57,0.17,64,25,275
Fragile contexts,2000,1 177 847,34,49,7,25,18,0.72,85,6,7,2,0.20,62,7,19,13,0.63,,Fragile contexts,2000,29,30,45,29,0.24,14,42,57,64,72,57,0.00,67,24,39,42,54,39,0.26,32,36,276
Fragile contexts,2001,1 206 674,35,50,7,25,18,0.72,85,6,7,2,0.20,62,7,18,13,0.63,,Fragile contexts,2001,30,30,46,30,0.24,15,42,57,64,72,57,0.00,67,24,39,42,55,39,0.26,33,36,277
Fragile contexts,2002,1 236 750,35,50,8,24,18,0.72,85,6,7,2,0.20,63,7,18,12,0.63,,Fragile contexts,2002,30,30,46,30,0.24,15,43,57,64,72,57,0.00,66,25,39,42,55,39,0.26,33,37,278
Fragile contexts,2003,1 266 734,36,51,8,24,17,0.72,86,6,6,2,0.20,63,7,18,12,0.63,,Fragile contexts,2003,30,30,47,30,0.24,15,43,57,64,72,57,0.00,66,26,40,42,56,40,0.26,33,37,279
Fragile contexts,2004,1 297 670,36,52,8,24,17,0.72,86,6,6,2,0.20,64,7,17,12,0.63,,Fragile contexts,2004,30,30,47,30,0.24,16,44,57,65,72,57,0.00,65,26,40,43,56,40,0.26,33,38,280
Fragile contexts,2005,1 329 290,36,52,8,23,16,0.72,86,6,6,2,0.20,64,7,17,11,0.63,,Fragile contexts,2005,30,31,48,30,0.24,16,44,57,65,73,57,0.00,65,27,40,43,57,40,0.26,34,38,281
Fragile contexts,2006,1 361 306,37,53,8,23,16,0.72,86,6,6,2,0.20,65,8,17,11,0.63,,Fragile contexts,2006,31,31,49,31,0.24,17,45,57,65,73,57,0.00,65,27,40,43,57,40,0.26,34,39,282
Fragile contexts,2007,1 393 520,37,54,9,22,15,0.72,86,6,6,2,0.20,66,8,16,10,0.63,,Fragile contexts,2007,31,31,49,31,0.24,17,45,57,65,73,57,0.00,64,28,41,44,58,41,0.26,34,39,283
Fragile contexts,2008,1 426 556,38,54,9,22,15,0.72,86,6,6,2,0.20,66,8,16,10,0.63,,Fragile contexts,2008,31,32,50,31,0.24,17,46,57,65,73,57,0.00,64,29,41,44,59,41,0.26,35,40,284
Fragile contexts,2009,1 460 480,38,55,9,21,14,0.72,87,6,5,2,0.20,67,8,15,10,0.63,,Fragile contexts,2009,31,32,51,31,0.24,18,46,57,65,73,57,0.00,63,29,41,44,59,41,0.26,35,40,285
Fragile contexts,2010,1 494 835,38,56,9,21,14,0.72,87,6,5,2,0.20,68,8,15,9,0.63,,Fragile contexts,2010,32,33,51,32,0.24,18,47,57,65,73,57,0.00,63,30,41,45,60,41,0.26,35,41,286
Fragile contexts,2011,1 539 649,39,57,10,21,13,0.72,87,6,5,2,0.20,68,8,15,9,0.63,,Fragile contexts,2011,32,33,52,32,0.24,19,47,57,64,73,57,0.00,63,31,42,45,60,42,0.26,35,41,287
Fragile contexts,2012,1 574 741,39,57,10,20,13,0.72,87,6,5,2,0.20,69,8,14,8,0.63,,Fragile contexts,2012,32,33,53,32,0.24,19,48,57,65,73,57,0.00,62,31,42,45,61,42,0.26,36,42,288
Fragile contexts,2013,1 609 333,40,58,10,20,12,0.72,87,6,5,2,0.20,70,9,14,8,0.63,,Fragile contexts,2013,32,33,54,32,0.24,20,48,57,65,74,57,0.00,62,32,42,46,61,42,0.26,36,42,289
Fragile contexts,2014,1 643 577,40,59,10,19,12,0.72,88,6,5,1,0.20,70,9,13,8,0.63,,Fragile contexts,2014,33,34,54,33,0.24,20,49,57,65,74,57,0.00,61,33,42,46,62,42,0.26,36,43,290
Fragile contexts,2015,1 678 161,40,59,10,19,11,0.72,88,6,4,1,0.20,71,9,13,7,0.63,,Fragile contexts,2015,33,34,55,33,0.24,20,50,57,65,74,57,0.00,61,33,43,47,63,43,0.26,37,43,291
Fragile contexts,2016,1 713 771,41,60,11,18,11,0.72,88,6,4,1,0.20,72,9,13,7,0.63,,Fragile contexts,2016,33,35,56,33,0.24,21,50,57,65,74,57,0.00,61,34,43,47,63,43,0.26,37,44,292
Fragile contexts,2017,1 750 303,41,61,11,18,10,0.72,88,6,4,1,0.20,72,9,12,7,0.63,,Fragile contexts,2017,33,35,57,33,0.24,21,51,57,65,74,57,0.00,60,34,43,47,64,43,0.26,37,44,293
Fragile contexts,2018,1 787 384,42,62,11,17,10,0.72,89,6,4,1,0.20,73,9,12,6,0.63,,Fragile contexts,2018,34,35,57,34,0.24,22,51,57,65,74,57,0.00,60,35,44,48,64,44,0.26,37,45,294
Fragile contexts,2019,1 825 193,42,63,11,17,9,0.72,89,6,4,1,0.20,74,9,11,6,0.63,,Fragile contexts,2019,34,36,58,34,0.24,22,52,57,65,74,57,0.00,60,36,44,48,65,44,0.26,38,45,295
Fragile contexts,2020,1 863 816,43,63,11,17,9,0.72,89,7,4,<1,0.20,74,9,11,5,0.63,,Fragile contexts,2020,34,36,59,34,0.24,23,52,57,66,73,57,0.00,59,36,44,49,65,44,0.26,38,46,296
Fragile contexts,2021,1 902 926,43,64,12,16,8,0.72,89,7,3,<1,0.20,75,9,11,5,0.63,,Fragile contexts,2021,34,37,60,34,0.24,23,53,57,66,73,57,0.00,59,37,44,49,66,44,0.26,38,46,297
Fragile contexts,2022,1 942 903,44,65,12,16,8,0.72,89,7,3,<1,0.20,76,10,10,5,0.63,,Fragile contexts,2022,35,37,60,35,0.24,24,53,57,66,73,57,0.00,59,37,45,50,66,45,0.26,39,47,298
Fragile contexts,2023,1 984 166,44,66,12,15,7,0.72,90,7,3,<1,0.20,76,10,10,4,0.63,,Fragile contexts,2023,35,37,61,35,0.24,24,54,57,66,73,57,0.00,58,38,45,50,66,45,0.26,39,47,299
Fragile contexts,2024,2 025 984,45,66,12,15,7,0.72,90,7,3,<1,0.20,77,10,9,4,0.63,,Fragile contexts,2024,35,38,62,35,0.24,25,54,57,67,73,57,0.00,58,38,45,51,67,45,0.26,40,47,300
Low and middle-income,2000,4 908 027,39,67,4,21,8,0.68,93,2,4,<1,0.09,77,3,14,5,0.52,,Low and middle-income,2000,39,40,59,39,0.84,25,46,77,82,85,77,0.07,79,17,54,56,69,54,0.65,46,35,301
Low and middle-income,2001,4 984 040,39,68,4,21,8,0.68,93,2,4,<1,0.09,78,3,14,5,0.52,,Low and middle-income,2001,39,40,59,39,0.84,26,46,77,82,85,77,0.07,79,17,54,57,70,54,0.65,47,34,302
Low and middle-income,2002,5 059 741,40,68,4,20,7,0.68,94,2,3,<1,0.09,78,3,13,5,0.52,,Low and middle-income,2002,39,41,60,39,0.84,27,45,77,82,85,77,0.07,79,17,54,58,70,54,0.65,48,34,303
Low and middle-income,2003,5 134 268,41,69,4,20,7,0.68,94,2,3,<1,0.09,79,3,13,5,0.52,,Low and middle-income,2003,40,42,61,40,0.84,28,45,77,82,85,77,0.07,79,17,55,58,71,55,0.65,49,34,304
Low and middle-income,2004,5 209 533,41,70,4,19,7,0.68,94,2,3,<1,0.09,80,3,12,4,0.52,,Low and middle-income,2004,40,43,61,40,0.84,29,45,77,82,85,77,0.07,79,17,55,59,71,55,0.65,50,33,305
Low and middle-income,2005,5 285 217,42,70,4,18,7,0.68,94,2,3,<1,0.09,80,3,12,4,0.52,,Low and middle-income,2005,40,44,62,40,0.84,30,45,77,82,85,77,0.07,79,17,56,60,72,56,0.65,51,33,306
Low and middle-income,2006,5 362 213,43,71,4,18,7,0.68,94,2,3,<1,0.09,81,4,11,4,0.52,,Low and middle-income,2006,41,45,63,41,0.84,31,45,77,83,85,77,0.07,79,17,56,61,72,56,0.65,52,33,307
Low and middle-income,2007,5 438 769,43,72,5,17,7,0.68,94,2,3,<1,0.09,81,4,11,4,0.52,,Low and middle-income,2007,41,46,64,41,0.84,32,45,77,83,85,77,0.07,79,17,57,62,73,57,0.65,52,33,308
Low and middle-income,2008,5 515 978,44,73,5,16,6,0.68,94,2,3,<1,0.09,82,4,10,4,0.52,,Low and middle-income,2008,41,48,64,41,0.84,33,44,77,83,85,77,0.07,80,17,57,63,73,57,0.65,53,32,309
Low and middle-income,2009,5 595 139,44,73,5,16,6,0.68,94,2,3,<1,0.09,83,4,10,4,0.52,,Low and middle-income,2009,42,49,65,42,0.84,34,44,77,83,85,77,0.07,80,17,58,64,74,58,0.65,54,32,310
Low and middle-income,2010,5 675 456,45,74,5,15,6,0.68,94,2,3,<1,0.09,83,4,10,4,0.52,,Low and middle-income,2010,43,50,66,43,0.84,35,44,77,83,85,77,0.07,80,17,59,65,75,59,0.65,55,32,311
Low and middle-income,2011,5 765 997,45,75,5,15,6,0.68,94,2,3,<1,0.09,84,4,9,3,0.52,,Low and middle-income,2011,44,51,66,44,0.84,36,44,77,83,85,77,0.07,80,17,59,66,75,59,0.65,56,32,312
Low and middle-income,2012,5 847 780,46,75,5,14,6,0.68,94,2,3,<1,0.09,84,4,9,3,0.52,,Low and middle-income,2012,45,52,67,45,0.84,37,44,78,84,85,78,0.07,80,17,60,66,76,60,0.65,56,32,313
Low and middle-income,2013,5 930 138,47,76,5,13,5,0.68,95,2,3,<1,0.09,85,4,8,3,0.52,,Low and middle-income,2013,46,53,68,46,0.84,37,44,78,84,85,78,0.07,80,17,61,67,76,61,0.65,57,31,314
Low and middle-income,2014,6 011 577,47,77,5,13,5,0.68,95,2,2,<1,0.09,85,4,8,3,0.52,,Low and middle-income,2014,47,54,69,47,0.84,38,44,78,84,85,78,0.07,80,17,61,68,77,61,0.65,58,31,315
Low and middle-income,2015,6 091 556,48,77,5,12,5,0.68,95,2,2,<1,0.09,86,4,8,3,0.52,,Low and middle-income,2015,47,55,70,47,0.84,39,44,78,84,85,78,0.07,80,17,62,69,77,62,0.65,59,31,316
Low and middle-income,2016,6 170 919,48,78,6,12,5,0.68,95,2,2,<1,0.09,86,4,7,3,0.52,,Low and middle-income,2016,48,56,70,48,0.84,40,44,78,84,86,78,0.07,80,17,63,70,78,63,0.65,60,31,317
Low and middle-income,2017,6 251 050,49,79,6,11,4,0.68,95,2,2,<1,0.09,87,4,7,2,0.52,,Low and middle-income,2017,49,58,71,49,0.84,41,44,78,84,86,78,0.07,80,17,64,71,78,64,0.65,60,31,318
Low and middle-income,2018,6 330 087,50,79,6,11,4,0.68,95,2,2,<1,0.09,87,4,6,2,0.52,,Low and middle-income,2018,50,59,72,50,0.84,42,44,78,85,86,78,0.07,80,17,64,71,79,64,0.65,61,30,319
Low and middle-income,2019,6 406 420,50,80,6,10,4,0.68,95,2,2,<1,0.09,88,4,6,2,0.52,,Low and middle-income,2019,51,60,73,51,0.84,43,44,79,85,86,79,0.07,81,17,65,72,79,65,0.65,62,30,320
Low and middle-income,2020,6 479 125,51,81,6,9,4,0.68,95,2,2,<1,0.09,88,4,6,2,0.52,,Low and middle-income,2020,52,61,74,52,0.84,43,44,79,85,86,79,0.07,81,17,66,73,80,66,0.65,62,30,321
Low and middle-income,2021,6 545 471,51,82,6,9,3,0.68,95,2,2,<1,0.09,89,4,5,2,0.52,,Low and middle-income,2021,53,62,75,53,0.84,44,44,79,85,86,79,0.07,81,17,66,74,80,66,0.65,63,30,322
Low and middle-income,2022,6 607 116,52,82,6,8,3,0.68,95,2,2,<1,0.09,89,4,5,2,0.52,,Low and middle-income,2022,54,63,75,54,0.84,45,44,79,85,86,79,0.07,80,17,67,74,81,67,0.65,63,30,323
Low and middle-income,2023,6 670 598,52,83,6,8,3,0.68,96,2,2,<1,0.09,90,4,5,2,0.52,,Low and middle-income,2023,55,64,76,55,0.84,45,44,79,85,86,79,0.07,80,18,67,75,81,67,0.65,64,30,324
Low and middle-income,2024,6 737 263,53,84,6,7,3,0.68,96,2,2,<1,0.09,90,4,4,2,0.52,,Low and middle-income,2024,59,65,77,59,0.84,46,44,79,86,86,79,0.07,80,18,69,76,81,69,0.65,64,30,325
Low-income,2000,384 047,27,28,11,40,21,0.96,77,9,11,3,0.13,42,10,32,16,0.83,,Low-income,2000,8,8,28,18,0.35,12,28,48,48,64,56,0.35,68,19,19,19,38,28,0.48,27,25,326
Low-income,2001,394 449,28,29,11,39,21,0.96,77,9,11,3,0.13,42,11,31,16,0.83,,Low-income,2001,8,8,28,18,0.35,12,28,48,48,64,56,0.35,68,19,19,19,38,29,0.48,27,26,327
Low-income,2002,406 074,28,30,12,39,20,0.96,77,10,11,3,0.13,43,11,31,15,0.83,,Low-income,2002,9,9,29,18,0.35,12,29,48,48,64,56,0.35,67,19,20,20,39,29,0.48,28,26,328
Low-income,2003,418 174,28,30,12,38,20,0.96,77,10,10,3,0.13,44,11,30,15,0.83,,Low-income,2003,9,9,30,19,0.35,13,30,48,48,64,56,0.35,67,20,20,20,40,29,0.48,28,27,329
Low-income,2004,430 150,28,31,13,37,19,0.96,77,10,10,3,0.13,44,12,29,14,0.83,,Low-income,2004,9,9,31,19,0.35,13,30,49,49,64,56,0.35,67,20,20,20,41,30,0.48,29,27,330
Low-income,2005,442 566,29,32,13,36,19,0.96,77,10,10,2,0.13,45,12,29,14,0.83,,Low-income,2005,9,9,32,20,0.35,14,31,49,49,64,56,0.35,67,21,20,20,41,30,0.48,29,28,331
Low-income,2006,455 768,29,33,14,36,18,0.96,78,10,10,2,0.13,46,13,28,13,0.83,,Low-income,2006,9,9,33,20,0.35,15,32,49,49,64,56,0.35,67,21,21,21,42,30,0.48,30,29,332
Low-income,2007,469 163,29,34,14,35,17,0.96,78,11,9,2,0.13,47,13,27,13,0.83,,Low-income,2007,10,10,34,20,0.35,15,32,50,50,64,56,0.35,67,21,21,21,43,31,0.48,31,29,333
Low-income,2008,482 589,30,35,14,34,17,0.96,78,11,9,2,0.13,48,13,27,12,0.83,,Low-income,2008,10,10,36,21,0.35,16,33,50,50,64,56,0.35,68,21,22,22,44,31,0.48,31,30,334
Low-income,2009,496 341,30,36,15,33,16,0.96,78,11,9,2,0.13,49,14,26,12,0.83,,Low-income,2009,10,10,37,21,0.35,17,34,50,50,64,56,0.35,68,22,22,22,45,32,0.48,32,30,335
Low-income,2010,510 308,30,37,15,32,15,0.96,78,11,9,2,0.13,49,14,25,11,0.83,,Low-income,2010,11,11,38,22,0.35,18,35,50,50,64,56,0.35,68,22,23,23,46,32,0.48,33,31,336
Low-income,2011,534 809,30,38,16,31,15,0.96,78,12,8,2,0.13,50,15,24,11,0.83,,Low-income,2011,11,11,39,22,0.35,18,36,50,50,64,56,0.35,67,23,23,23,47,32,0.48,33,32,337
Low-income,2012,549 452,31,39,16,30,14,0.96,78,12,8,2,0.13,51,15,24,10,0.83,,Low-income,2012,11,11,40,22,0.35,19,37,50,50,64,56,0.35,67,23,23,23,48,33,0.48,34,32,338
Low-income,2013,563 527,31,40,17,30,14,0.96,78,12,8,2,0.13,52,15,23,10,0.83,,Low-income,2013,11,11,41,23,0.35,19,37,50,50,64,56,0.35,67,23,23,23,48,33,0.48,34,33,339
Low-income,2014,577 586,31,41,17,29,13,0.96,78,13,8,2,0.13,52,16,22,9,0.83,,Low-income,2014,12,12,42,23,0.35,20,38,51,51,64,56,0.35,67,24,24,24,49,33,0.48,35,34,340
Low-income,2015,592 175,31,42,18,28,12,0.96,78,13,7,2,0.13,53,16,22,9,0.83,,Low-income,2015,12,12,43,23,0.35,21,39,51,51,65,56,0.35,67,24,24,24,50,34,0.48,35,34,341
Low-income,2016,607 867,32,43,18,28,12,0.96,78,13,7,1,0.13,54,17,21,8,0.83,,Low-income,2016,12,12,44,24,0.35,21,40,51,51,65,56,0.35,67,24,25,25,51,34,0.48,36,35,342
Low-income,2017,624 557,32,44,19,27,11,0.96,79,13,7,1,0.13,55,17,20,8,0.83,,Low-income,2017,13,13,46,24,0.35,22,40,52,52,65,56,0.35,68,24,25,25,52,34,0.48,37,35,343
Low-income,2018,642 186,33,45,19,26,10,0.96,79,14,6,1,0.13,56,17,20,7,0.83,,Low-income,2018,13,13,47,25,0.35,23,41,52,52,65,56,0.35,68,25,26,26,53,35,0.48,37,36,344
Low-income,2019,660 718,33,46,19,25,10,0.96,79,14,6,1,0.13,57,17,19,7,0.83,,Low-income,2019,14,14,48,25,0.35,23,42,53,53,66,56,0.35,68,25,27,27,54,35,0.48,38,36,345
Low-income,2020,679 561,34,47,20,24,9,0.96,79,14,6,<1,0.13,58,18,18,6,0.83,,Low-income,2020,14,14,49,25,0.35,24,43,53,53,66,56,0.35,68,25,27,27,55,36,0.48,39,37,346
Low-income,2021,698 215,34,48,20,23,9,0.96,79,14,6,<1,0.13,59,18,17,6,0.83,,Low-income,2021,15,15,50,26,0.35,25,43,54,54,66,56,0.35,68,25,28,28,56,36,0.48,40,37,347
Low-income,2022,716 866,35,49,21,22,8,0.96,80,14,5,<1,0.13,60,18,17,5,0.83,,Low-income,2022,15,15,52,26,0.35,25,44,55,55,67,56,0.35,69,25,29,29,57,37,0.48,40,38,348
Low-income,2023,736 466,35,50,21,22,7,0.96,80,14,5,<1,0.13,61,19,16,5,0.83,,Low-income,2023,16,16,53,27,0.35,26,45,55,55,67,56,0.35,69,25,30,30,58,37,0.48,41,38,349
Low-income,2024,756 668,36,51,21,21,7,0.96,80,14,5,<1,0.13,62,19,15,5,0.83,,Low-income,2024,17,17,54,27,0.35,27,45,57,57,67,57,0.35,70,24,31,31,59,38,0.48,43,37,350
Lower-middle-income,2000,2 124 987,31,70,5,17,8,0.76,90,4,5,1,0.24,76,5,13,6,0.63,,Lower-middle-income,2000,33,33,60,41,1.34,23,52,68,68,81,74,0.28,68,26,44,44,66,51,1.05,37,44,351
Lower-middle-income,2001,2 167 820,31,71,5,17,7,0.76,90,4,5,1,0.24,77,5,13,5,0.63,,Lower-middle-income,2001,34,34,61,42,1.34,24,52,68,68,81,74,0.28,68,26,45,45,67,52,1.05,37,44,352
Lower-middle-income,2002,2 210 684,32,71,5,16,7,0.76,90,4,5,1,0.24,77,5,13,5,0.63,,Lower-middle-income,2002,36,36,61,42,1.34,25,52,68,68,81,74,0.28,68,26,46,46,68,52,1.05,38,44,353
Lower-middle-income,2003,2 252 307,32,72,5,16,7,0.76,90,4,5,1,0.24,78,5,12,5,0.63,,Lower-middle-income,2003,37,37,62,43,1.34,25,52,69,69,81,74,0.28,68,26,47,47,68,53,1.05,39,44,354
Lower-middle-income,2004,2 294 336,32,73,5,15,7,0.76,91,4,5,1,0.24,79,5,12,5,0.63,,Lower-middle-income,2004,38,38,63,43,1.34,26,52,69,69,81,74,0.28,67,27,48,48,69,53,1.05,39,44,355
Lower-middle-income,2005,2 335 938,33,74,5,15,7,0.76,91,4,5,1,0.24,79,5,11,5,0.63,,Lower-middle-income,2005,39,39,64,43,1.34,27,52,69,69,81,74,0.28,67,27,49,49,69,53,1.05,40,44,356
Lower-middle-income,2006,2 377 773,33,74,5,14,6,0.76,91,4,4,1,0.24,80,5,11,5,0.63,,Lower-middle-income,2006,41,41,64,44,1.34,27,52,70,70,81,74,0.28,67,27,50,50,70,54,1.05,41,44,357
Lower-middle-income,2007,2 420 499,34,75,5,13,6,0.76,91,3,4,1,0.24,81,5,10,4,0.63,,Lower-middle-income,2007,42,42,65,44,1.34,28,52,70,70,81,74,0.28,67,27,51,51,71,54,1.05,41,44,358
Lower-middle-income,2008,2 462 942,34,76,5,13,6,0.76,91,3,4,1,0.24,81,4,10,4,0.63,,Lower-middle-income,2008,43,43,66,44,1.34,29,52,71,71,82,74,0.28,67,28,53,53,71,54,1.05,42,44,359
Lower-middle-income,2009,2 505 656,34,77,5,12,6,0.76,92,3,4,<1,0.24,82,4,10,4,0.63,,Lower-middle-income,2009,45,45,67,46,1.34,30,52,71,71,82,74,0.28,67,28,54,54,72,55,1.05,43,44,360
Lower-middle-income,2010,2 549 113,35,78,5,12,6,0.76,92,3,4,<1,0.24,83,4,9,4,0.63,,Lower-middle-income,2010,46,46,67,47,1.34,30,52,71,71,82,74,0.28,67,28,55,55,72,56,1.05,43,44,361
Lower-middle-income,2011,2 592 656,35,78,5,11,5,0.76,92,3,4,<1,0.24,83,4,9,4,0.63,,Lower-middle-income,2011,47,47,68,48,1.34,31,52,72,72,82,74,0.28,67,28,56,56,73,57,1.05,44,44,362
Lower-middle-income,2012,2 635 895,36,79,5,11,5,0.76,92,3,4,<1,0.24,84,4,8,4,0.63,,Lower-middle-income,2012,49,49,69,49,1.34,32,52,72,72,82,74,0.28,67,29,57,57,74,58,1.05,44,44,363
Lower-middle-income,2013,2 679 307,36,80,5,10,5,0.76,93,3,3,<1,0.24,85,4,8,3,0.63,,Lower-middle-income,2013,50,50,70,51,1.34,33,52,73,73,82,74,0.28,67,29,58,58,74,59,1.05,45,44,364
Lower-middle-income,2014,2 722 466,37,81,5,10,5,0.76,93,3,3,<1,0.24,85,4,7,3,0.63,,Lower-middle-income,2014,52,52,71,52,1.34,33,52,73,73,82,74,0.28,67,29,59,59,75,60,1.05,46,44,365
Lower-middle-income,2015,2 764 325,37,81,5,9,5,0.76,93,3,3,<1,0.24,86,4,7,3,0.63,,Lower-middle-income,2015,53,53,71,53,1.34,34,52,73,73,82,74,0.28,67,29,61,61,75,61,1.05,46,44,366
Lower-middle-income,2016,2 805 768,38,82,5,9,4,0.76,94,3,3,<1,0.24,86,4,7,3,0.63,,Lower-middle-income,2016,55,55,72,55,1.34,35,52,74,74,82,74,0.28,67,30,62,62,76,62,1.05,47,44,367
Lower-middle-income,2017,2 846 978,38,83,5,8,4,0.76,94,3,3,<1,0.24,87,4,6,3,0.63,,Lower-middle-income,2017,56,56,73,56,1.34,35,52,74,74,82,74,0.28,67,30,63,63,76,63,1.05,47,44,368
Lower-middle-income,2018,2 887 468,38,84,4,8,4,0.76,94,3,3,<1,0.24,88,4,6,3,0.63,,Lower-middle-income,2018,57,57,74,57,1.34,36,52,74,75,81,74,0.28,67,30,64,64,77,64,1.05,48,44,369
Lower-middle-income,2019,2 927 475,39,85,4,7,4,0.76,94,3,2,<1,0.24,88,4,5,2,0.63,,Lower-middle-income,2019,59,59,75,59,1.34,37,52,74,75,81,74,0.28,66,30,65,65,77,65,1.05,48,44,370
Lower-middle-income,2020,2 967 243,39,85,4,7,4,0.76,95,3,2,<1,0.24,89,4,5,2,0.63,,Lower-middle-income,2020,60,60,75,60,1.34,38,52,74,76,81,74,0.28,66,31,66,66,78,66,1.05,49,44,371
Lower-middle-income,2021,3 004 939,40,86,4,6,3,0.76,95,2,2,<1,0.24,90,4,5,2,0.63,,Lower-middle-income,2021,61,62,76,61,1.34,38,52,74,76,81,74,0.28,66,31,67,68,78,67,1.05,49,44,372
Lower-middle-income,2022,3 042 100,40,87,4,6,3,0.76,95,2,2,<1,0.24,90,3,4,2,0.63,,Lower-middle-income,2022,63,63,77,63,1.34,39,52,74,77,81,74,0.28,66,31,67,69,79,67,1.05,50,44,373
Lower-middle-income,2023,3 080 931,41,88,4,5,3,0.76,95,2,2,<1,0.24,91,3,4,2,0.63,,Lower-middle-income,2023,64,65,78,64,1.34,40,52,74,77,81,74,0.28,66,32,68,70,79,68,1.05,50,44,374
Lower-middle-income,2024,3 120 052,41,88,4,5,3,0.76,96,2,2,<1,0.24,91,3,4,2,0.63,,Lower-middle-income,2024,65,66,78,65,1.34,40,52,74,78,81,74,0.28,66,32,69,71,79,69,1.05,51,44,375
Upper-middle-income,2000,2 398 992,48,73,<1,22,5,0.80,97,<1,2,<1,0.03,84,<1,12,3,0.49,,Upper-middle-income,2000,-,54,65,-,-,30,43,81,93,89,81,0.16,86,11,70,73,77,70,0.34,57,28,376
Upper-middle-income,2001,2 421 771,49,73,<1,22,5,0.80,97,<1,2,<1,0.03,85,<1,12,3,0.49,,Upper-middle-income,2001,-,54,65,-,-,32,42,81,93,89,81,0.16,87,11,70,73,77,70,0.34,59,27,377
Upper-middle-income,2002,2 442 984,50,74,<1,21,5,0.80,97,<1,2,<1,0.03,85,<1,11,2,0.49,,Upper-middle-income,2002,-,56,66,-,-,34,41,81,93,89,81,0.16,87,11,71,74,77,71,0.34,60,26,378
Upper-middle-income,2003,2 463 787,51,75,<1,20,5,0.80,97,<1,2,<1,0.03,86,<1,11,2,0.49,,Upper-middle-income,2003,-,57,67,-,-,35,40,81,93,89,81,0.16,87,11,72,75,78,72,0.34,61,25,379
Upper-middle-income,2004,2 485 046,52,75,<1,19,4,0.80,97,<1,2,<1,0.03,87,<1,10,2,0.49,,Upper-middle-income,2004,-,59,67,-,-,37,40,81,93,89,81,0.16,87,11,72,77,79,72,0.34,63,25,380
Upper-middle-income,2005,2 506 714,53,76,1,18,4,0.80,97,<1,2,<1,0.03,87,<1,10,2,0.49,,Upper-middle-income,2005,-,60,68,-,-,39,39,81,93,89,81,0.16,87,11,73,78,79,73,0.34,64,24,381
Upper-middle-income,2006,2 528 672,54,77,1,17,4,0.80,97,<1,2,<1,0.03,88,<1,9,2,0.49,,Upper-middle-income,2006,-,62,69,-,-,40,38,81,93,89,81,0.16,88,10,73,79,80,73,0.34,66,23,382
Upper-middle-income,2007,2 549 108,55,78,1,17,4,0.80,97,<1,2,<1,0.03,89,<1,9,2,0.49,,Upper-middle-income,2007,-,63,70,-,-,42,37,81,93,89,81,0.16,88,10,74,80,81,74,0.34,67,22,383
Upper-middle-income,2008,2 570 447,56,79,1,16,4,0.80,97,<1,2,<1,0.03,89,<1,8,2,0.49,,Upper-middle-income,2008,-,65,71,-,-,44,37,81,94,89,81,0.16,88,10,74,81,81,74,0.34,68,22,384
Upper-middle-income,2009,2 593 141,57,80,1,15,4,0.80,97,<1,2,<1,0.03,90,<1,8,2,0.49,,Upper-middle-income,2009,-,66,71,-,-,45,36,81,94,89,81,0.16,88,10,75,82,82,75,0.34,70,21,385
Upper-middle-income,2010,2 616 035,58,81,1,14,3,0.80,97,<1,2,<1,0.03,90,1,7,2,0.49,,Upper-middle-income,2010,-,68,72,-,-,47,35,81,94,89,81,0.16,88,10,75,83,82,75,0.34,71,20,386
Upper-middle-income,2011,2 638 533,59,82,2,14,3,0.80,97,<1,2,<1,0.03,91,1,7,1,0.49,,Upper-middle-income,2011,-,70,73,-,-,49,34,82,94,89,82,0.16,89,9,76,84,83,76,0.34,72,20,387
Upper-middle-income,2012,2 662 434,60,82,2,13,3,0.80,97,<1,2,<1,0.03,91,1,6,1,0.49,,Upper-middle-income,2012,-,71,74,-,-,50,34,82,94,90,82,0.16,89,9,76,85,83,76,0.34,73,19,388
Upper-middle-income,2013,2 687 304,60,83,2,12,3,0.80,97,<1,2,<1,0.03,92,1,6,1,0.49,,Upper-middle-income,2013,-,73,75,-,-,52,33,82,94,90,82,0.16,89,9,77,86,84,77,0.34,74,19,389
Upper-middle-income,2014,2 711 524,61,84,2,12,3,0.80,97,<1,1,<1,0.03,92,1,5,1,0.49,,Upper-middle-income,2014,-,74,76,-,-,54,32,83,94,90,83,0.16,89,9,77,86,84,77,0.34,76,18,390
Upper-middle-income,2015,2 735 055,62,85,2,11,2,0.80,97,<1,1,<1,0.03,93,1,5,<1,0.49,,Upper-middle-income,2015,-,76,77,-,-,55,32,83,94,90,83,0.16,90,9,77,87,85,77,0.34,77,17,391
Upper-middle-income,2016,2 757 284,63,85,2,10,2,0.80,98,<1,1,<1,0.03,93,1,5,<1,0.49,,Upper-middle-income,2016,-,78,78,-,-,57,31,83,94,90,83,0.16,90,8,78,88,86,78,0.34,78,17,392
Upper-middle-income,2017,2 779 515,64,86,3,9,2,0.80,98,<1,1,<1,0.03,93,1,4,<1,0.49,,Upper-middle-income,2017,-,79,79,-,-,58,30,83,94,90,83,0.16,90,8,78,89,86,78,0.34,79,16,393
Upper-middle-income,2018,2 800 433,65,87,3,9,2,0.80,98,<1,1,<1,0.03,94,2,4,<1,0.49,,Upper-middle-income,2018,-,81,80,-,-,60,30,84,94,91,84,0.16,91,8,79,89,87,79,0.34,80,16,394
Upper-middle-income,2019,2 818 227,66,88,3,8,1,0.80,98,<1,1,<1,0.03,94,2,4,<1,0.49,,Upper-middle-income,2019,-,82,81,-,-,62,29,84,94,91,84,0.16,91,8,79,90,87,79,0.34,81,15,395
Upper-middle-income,2020,2 832 321,66,88,3,7,1,0.80,98,<1,1,<1,0.03,95,2,3,<1,0.49,,Upper-middle-income,2020,-,84,82,-,-,63,28,84,94,91,84,0.16,91,8,79,91,88,79,0.34,82,15,396
Upper-middle-income,2021,2 842 317,67,90,3,7,1,0.80,98,<1,1,<1,0.03,95,2,3,<1,0.49,,Upper-middle-income,2021,-,85,83,-,-,65,28,85,94,91,85,0.16,91,8,80,91,88,80,0.34,82,14,397
Upper-middle-income,2022,2 848 150,68,91,2,6,<1,0.80,98,<1,1,<1,0.03,95,1,3,<1,0.49,,Upper-middle-income,2022,-,87,84,-,-,66,27,85,95,91,85,0.16,91,8,80,92,89,80,0.34,83,14,398
Upper-middle-income,2023,2 853 201,69,92,2,5,<1,0.80,98,<1,1,<1,0.03,96,1,2,<1,0.49,,Upper-middle-income,2023,51,88,85,51,-,68,26,85,95,91,85,0.16,91,8,74,92,89,74,0.34,84,14,399
Upper-middle-income,2024,2 860 544,69,92,2,5,<1,0.80,98,<1,1,<1,0.03,96,1,2,<1,0.49,,Upper-middle-income,2024,62,88,85,62,-,68,26,85,95,91,85,0.16,91,8,78,92,89,78,0.34,84,13,400
High-income,2000,1 227 506,76,93,<1,5,1,0.13,>99,<1,<1,<1,0.00,98,<1,1,<1,0.04,,High-income,2000,-,81,-,-,-,76,-,96,96,-,96,0.01,96,3,93,93,-,96,0.13,93,5,401
High-income,2001,1 233 882,76,94,<1,5,1,0.13,>99,<1,<1,<1,0.00,98,<1,1,<1,0.04,,High-income,2001,-,82,-,-,-,77,18,96,96,-,96,0.01,96,3,93,93,-,96,0.13,93,5,402
High-income,2002,1 241 002,77,94,<1,4,1,0.13,>99,<1,<1,<1,0.00,99,<1,<1,<1,0.04,,High-income,2002,-,82,-,-,-,77,17,96,96,-,96,0.01,96,3,93,93,-,96,0.13,94,4,403
High-income,2003,1 248 317,77,94,<1,4,1,0.13,>99,<1,<1,<1,0.00,99,<1,<1,<1,0.04,,High-income,2003,-,82,-,-,-,78,16,96,96,-,96,0.01,96,3,93,93,-,96,0.13,94,4,404
High-income,2004,1 255 266,77,94,<1,4,1,0.13,>99,<1,<1,<1,0.00,99,<1,<1,<1,0.04,,High-income,2004,-,83,-,-,-,79,16,96,96,-,96,0.01,97,3,93,93,-,96,0.13,94,4,405
High-income,2005,1 262 350,77,94,<1,4,<1,0.13,>99,<1,<1,<1,0.00,99,<1,<1,<1,0.04,,High-income,2005,-,85,-,-,-,80,15,96,97,-,96,0.01,97,3,94,94,94,96,0.13,95,4,406
High-income,2006,1 269 616,78,95,<1,4,<1,0.13,>99,<1,<1,<1,0.00,99,<1,<1,<1,0.04,,High-income,2006,-,85,-,-,-,81,14,96,97,-,96,0.01,97,3,94,94,94,96,0.13,95,4,407
High-income,2007,1 278 042,78,95,<1,4,<1,0.13,>99,<1,<1,<1,0.00,99,<1,<1,<1,0.04,,High-income,2007,-,85,-,-,-,82,13,96,97,-,96,0.01,97,2,94,94,94,96,0.13,95,3,408
High-income,2008,1 287 114,78,95,<1,4,<1,0.13,>99,<1,<1,<1,0.00,99,<1,<1,<1,0.04,,High-income,2008,-,86,-,-,-,83,13,96,97,-,96,0.01,97,2,94,94,95,96,0.13,95,3,409
High-income,2009,1 295 424,79,95,<1,4,<1,0.13,>99,<1,<1,<1,0.00,99,<1,<1,<1,0.04,,High-income,2009,-,86,-,-,-,83,12,96,97,-,96,0.01,97,2,95,95,95,97,0.13,95,3,410
High-income,2010,1 303 171,79,95,<1,4,<1,0.13,>99,<1,<1,<1,0.00,99,<1,<1,<1,0.04,,High-income,2010,-,86,-,-,-,84,12,96,97,96,96,0.01,97,2,95,95,95,97,0.13,96,3,411
High-income,2011,1 311 164,79,95,<1,4,<1,0.13,>99,<1,<1,<1,0.00,99,<1,<1,<1,0.04,,High-income,2011,-,87,-,-,-,85,11,96,97,96,96,0.01,97,2,95,95,95,97,0.13,96,3,412
High-income,2012,1 319 250,79,95,<1,4,<1,0.13,>99,<1,<1,<1,0.00,99,<1,<1,<1,0.04,,High-income,2012,-,87,-,-,-,85,11,96,97,96,96,0.01,98,2,95,95,95,97,0.13,96,3,413
High-income,2013,1 327 082,79,96,<1,4,<1,0.13,>99,<1,<1,<1,0.00,99,<1,<1,<1,0.04,,High-income,2013,-,87,-,-,-,85,11,96,97,96,96,0.01,98,2,95,95,95,97,0.13,96,3,414
High-income,2014,1 335 091,80,96,<1,4,<1,0.13,>99,<1,<1,<1,0.00,>99,<1,<1,<1,0.04,,High-income,2014,-,88,-,-,-,86,10,96,97,96,96,0.01,98,2,95,95,95,97,0.13,96,3,415
High-income,2015,1 343 667,80,96,<1,3,<1,0.13,>99,<1,<1,<1,0.00,>99,<1,<1,<1,0.04,,High-income,2015,-,88,-,-,-,87,10,96,97,96,96,0.01,98,2,95,95,95,97,0.13,96,2,416
High-income,2016,1 352 170,80,96,<1,3,<1,0.13,>99,<1,<1,<1,0.00,>99,<1,<1,<1,0.04,,High-income,2016,-,88,-,-,-,87,9,96,97,96,97,0.01,98,1,95,95,95,97,0.13,96,2,417
High-income,2017,1 359 271,80,96,<1,3,<1,0.13,>99,<1,<1,<1,0.00,>99,<1,<1,<1,0.04,,High-income,2017,-,88,-,-,-,87,9,96,97,96,97,0.01,98,1,95,95,95,97,0.13,97,2,418
High-income,2018,1 365 261,80,96,<1,3,<1,0.13,>99,<1,<1,<1,0.00,>99,<1,<1,<1,0.04,,High-income,2018,-,89,-,-,-,88,9,96,97,96,97,0.01,98,1,95,95,96,97,0.13,97,2,419
High-income,2019,1 371 187,80,96,<1,3,<1,0.13,>99,<1,<1,<1,0.00,>99,<1,<1,<1,0.04,,High-income,2019,-,89,-,-,-,90,7,96,97,96,97,0.01,98,1,96,96,96,97,0.13,97,2,420
High-income,2020,1 374 663,81,96,<1,3,<1,0.13,>99,<1,<1,<1,0.00,>99,<1,<1,<1,0.04,,High-income,2020,-,89,-,-,-,90,6,96,97,96,97,0.01,98,<1,96,96,96,97,0.13,97,2,421
High-income,2021,1 375 961,81,96,<1,3,<1,0.13,>99,<1,<1,<1,0.00,>99,<1,<1,<1,0.04,,High-income,2021,-,89,-,-,-,91,6,96,97,96,97,0.01,98,<1,96,96,96,97,0.13,97,2,422
High-income,2022,1 381 312,81,97,<1,3,<1,0.13,>99,<1,<1,<1,0.00,>99,<1,<1,<1,0.04,,High-income,2022,-,89,-,-,-,92,5,96,97,96,97,0.01,98,<1,96,96,96,97,0.13,98,1,423
High-income,2023,1 388 068,81,97,<1,3,<1,0.13,>99,<1,<1,<1,0.00,>99,<1,<1,<1,0.04,,High-income,2023,-,90,-,-,-,92,5,96,97,96,97,0.01,99,<1,96,96,96,97,0.13,98,1,424
High-income,2024,1 391 523,81,97,<1,3,<1,0.13,>99,<1,<1,<1,0.00,>99,<1,<1,<1,0.04,,High-income,2024,-,90,-,-,-,92,5,96,97,96,97,0.01,99,<1,96,96,96,97,0.13,98,1,425
WORLD,2000,6 162 489,46,70,4,20,7,0.63,95,2,3,<1,0.05,82,3,12,4,0.41,,WORLD,2000,42,43,61,42,0.77,30,44,83,86,89,83,0.00,85,12,61,63,74,61,0.52,55,29,426
WORLD,2001,6 245 362,47,70,4,19,7,0.63,95,2,3,<1,0.05,82,3,11,4,0.41,,WORLD,2001,42,44,61,42,0.77,31,43,83,87,88,83,0.00,85,12,61,64,74,61,0.52,56,28,427
WORLD,2002,6 328 670,47,71,4,19,7,0.63,95,2,3,<1,0.05,83,3,11,4,0.41,,WORLD,2002,42,45,62,42,0.77,31,43,83,87,88,83,0.00,85,12,62,65,75,62,0.52,57,28,428
WORLD,2003,6 410 999,48,71,4,18,7,0.63,95,2,2,<1,0.05,83,3,11,4,0.41,,WORLD,2003,43,46,63,43,0.77,32,43,83,87,88,83,0.00,85,12,62,65,75,62,0.52,58,28,429
WORLD,2004,6 493 688,48,72,4,18,7,0.63,95,2,2,<1,0.05,83,3,10,4,0.41,,WORLD,2004,43,47,63,43,0.77,33,43,83,87,88,83,0.00,85,12,62,66,75,62,0.52,59,28,430
WORLD,2005,6 576 928,49,72,4,17,6,0.63,95,2,2,<1,0.05,84,3,10,4,0.41,,WORLD,2005,43,48,64,43,0.77,34,42,83,87,88,83,0.00,85,12,63,67,76,63,0.52,59,27,431
WORLD,2006,6 661 662,49,73,4,16,6,0.63,96,2,2,<1,0.05,84,3,9,3,0.41,,WORLD,2006,44,49,65,44,0.77,35,42,83,87,88,83,0.00,85,12,63,68,76,63,0.52,60,27,432
WORLD,2007,6 747 113,50,74,4,16,6,0.63,96,2,2,<1,0.05,85,3,9,3,0.41,,WORLD,2007,44,50,66,44,0.77,36,42,83,87,88,83,0.00,85,12,63,68,77,63,0.52,61,27,433
WORLD,2008,6 833 839,50,74,4,15,6,0.63,96,2,2,<1,0.05,85,3,9,3,0.41,,WORLD,2008,44,51,66,44,0.77,37,42,83,87,88,83,0.00,85,12,64,69,77,64,0.52,61,27,434
WORLD,2009,6 921 728,51,75,4,15,6,0.63,96,2,2,<1,0.05,86,3,8,3,0.41,,WORLD,2009,45,52,67,45,0.77,38,42,83,87,88,83,0.00,85,12,64,70,78,64,0.52,62,27,435
WORLD,2010,7 010 197,51,76,5,14,5,0.63,96,2,2,<1,0.05,86,3,8,3,0.41,,WORLD,2010,46,53,68,46,0.77,39,41,83,87,88,83,0.00,85,13,65,71,78,65,0.52,63,26,436
WORLD,2011,7 109 132,52,76,5,14,5,0.63,96,2,2,<1,0.05,87,3,8,3,0.41,,WORLD,2011,47,54,68,47,0.77,40,41,83,87,88,83,0.00,85,13,65,71,79,65,0.52,63,26,437
WORLD,2012,7 199 396,52,77,5,13,5,0.63,96,2,2,<1,0.05,87,3,7,3,0.41,,WORLD,2012,47,55,69,47,0.77,40,41,83,87,88,83,0.00,85,13,66,72,79,66,0.52,64,26,438
WORLD,2013,7 289 976,53,78,5,13,5,0.63,96,2,2,<1,0.05,87,3,7,3,0.41,,WORLD,2013,48,56,70,48,0.77,41,41,83,87,88,83,0.00,85,13,66,72,79,66,0.52,64,26,439
WORLD,2014,7 379 807,53,78,5,12,5,0.63,96,2,2,<1,0.05,88,3,7,2,0.41,,WORLD,2014,49,57,70,49,0.77,42,41,83,88,88,83,0.00,85,13,67,73,80,67,0.52,65,26,440
WORLD,2015,7 468 713,54,79,5,12,4,0.63,96,2,2,<1,0.05,88,3,6,2,0.41,,WORLD,2015,50,58,71,50,0.77,43,41,83,88,88,83,0.00,85,13,68,74,80,68,0.52,66,26,441
WORLD,2016,7 556 793,54,80,5,11,4,0.63,96,2,2,<1,0.05,89,3,6,2,0.41,,WORLD,2016,51,59,72,51,0.77,44,41,83,88,88,83,0.00,85,13,68,75,81,68,0.52,66,26,442
WORLD,2017,7 643 850,55,80,5,11,4,0.63,96,2,2,<1,0.05,89,3,6,2,0.41,,WORLD,2017,52,60,73,52,0.77,45,41,83,88,88,83,0.00,85,13,69,75,81,69,0.52,67,26,443
WORLD,2018,7 728 135,55,81,5,10,4,0.63,96,2,2,<1,0.05,89,3,5,2,0.41,,WORLD,2018,52,61,73,52,0.77,45,41,83,88,88,83,0.00,85,13,69,76,82,69,0.52,67,25,444
WORLD,2019,7 809 539,56,81,6,9,4,0.63,96,2,2,<1,0.05,90,3,5,2,0.41,,WORLD,2019,53,62,74,53,0.77,46,41,83,88,88,83,0.00,85,13,70,76,82,70,0.52,68,25,445
WORLD,2020,7 885 250,56,82,6,9,3,0.63,96,2,2,<1,0.05,90,4,5,2,0.41,,WORLD,2020,54,63,75,54,0.77,47,41,83,88,88,83,0.00,85,13,70,77,82,70,0.52,68,25,446
WORLD,2021,7 952 707,56,83,6,8,3,0.63,96,2,2,<1,0.05,90,4,4,2,0.41,,WORLD,2021,55,64,76,55,0.77,48,41,83,88,88,83,0.00,85,13,71,78,83,71,0.52,69,25,447
WORLD,2022,8 019 689,57,84,6,8,3,0.63,96,2,1,<1,0.05,91,3,4,1,0.41,,WORLD,2022,56,65,76,56,0.77,48,41,83,88,88,83,0.00,85,13,72,78,83,72,0.52,69,25,448
WORLD,2023,8 090 035,57,84,6,7,3,0.63,96,2,1,<1,0.05,91,3,4,1,0.41,,WORLD,2023,57,66,77,57,0.77,49,41,83,88,88,83,0.00,85,14,72,79,84,72,0.52,70,25,449
WORLD,2024,8 160 288,58,85,6,7,3,0.63,96,2,1,<1,0.05,91,4,4,1,0.41,,WORLD,2024,60,67,78,60,0.77,49,41,83,88,88,83,0.00,85,14,74,79,84,74,0.52,70,25,450